Cuenca;Cuerpo de;Codigo;Fase;An/O INICI;An/O FINAL;Responsabl;Clase_ Ind;Clase_ I_1;Clasificac;geometry;Lo CRTM05;La CRTM05;Sitio de M;Provincia;Canton;Distrito;BMWP-Estac;Interpreta;Holandes-E;Interpre_1;BMWP-Lluvi;Interpre_2;Holandes-L;Interpre_3;BMWP-Seca;Interpre_4;Holandes-S;Interpre_5;BMWP-Seca-;Interpre_6;Holandes_1;Interpre_7;ESTADO ACT;longitude;latitude;geometry
Abangares;Gongolona;PN-ABA-01;III;2017;2018;UCR;2;1;2;c(400868,82, 1140315,75);400869.000000000000000;1140316.000000000000000;Gongolona;Guanacaste;Abangares;San Juan;158;Aguas de calidad excelente, no contaminadas;4;Contaminacion incipiente;162;Aguas de calidad excelente, no contaminadas;3;Sin contaminacion;230;Aguas de calidad excelente, no contaminadas;4;Contaminacion incipiente;198;Aguas de calidad excelente, no contaminadas;4;Contaminacion incipiente;MONITOREO ACTIVO;-84.905;10.311;c(-84.905, 10.311)
Abangares;Abangares;PN-ABA-02;III;2017;2018;UCR;2;1;2;c(398847,55, 1137200,72);398848.000000000000000;1137201.000000000000000;Sierra;Guanacaste;Abangares;Sierra;141;Aguas de calidad excelente, no contaminadas;4;Contaminacion incipiente;193;Aguas de calidad excelente, no contaminadas;4;Contaminacion incipiente;197;Aguas de calidad excelente, no contaminadas;4;Contaminacion incipiente;221;Aguas de calidad excelente, no contaminadas;4;Contaminacion incipiente;MONITOREO ACTIVO;-84.923;10.283;c(-84.923, 10.283)
Abangares;Abangares;PN-ABA-03;III;2017;2018;UCR;2;1;2;c(393838,02, 1136985,83);393838.000000000000000;1136986.000000000000000;Paso Ancho;Guanacaste;Abangares;Las Juntas;108;Aguas de calidad excelente, no contaminadas;3;Sin contaminacion;125;Aguas de calidad excelente, no contaminadas;3;Sin contaminacion;165;Aguas de calidad excelente, no contaminadas;3;Sin contaminacion;177;Aguas de calidad excelente, no contaminadas;4;Contaminacion incipiente;MONITOREO ACTIVO;-84.969;10.281;c(-84.969, 10.281)
Abangares;Abangares;PN-ABA-04;III;2017;2018;UCR;2;1;2;c(390196,46, 1135715,47);390196.000000000000000;1135715.000000000000000;Limonal Viejo;Guanacaste;Abangares;Las Juntas;172;Aguas de calidad excelente, no contaminadas;3;Sin contaminacion;166;Aguas de calidad excelente, no contaminadas;3;Sin contaminacion;173;Aguas de calidad excelente, no contaminadas;4;Contaminacion incipiente;150;Aguas de calidad excelente, no contaminadas;4;Contaminacion incipiente;SUSPENDIDO EL MONITOREO;-85.002;10.269;c(-85.002, 10.269)
Abangares;Abangares;PN-ABA-05;III;2017;2018;UCR;2;1;2;c(386965,28, 1130793,43);386965.000000000000000;1130793.000000000000000;Las Huacas;Guanacaste;Abangares;Las Juntas;145;Aguas de calidad excelente, no contaminadas;4;Contaminacion incipiente;144;Aguas de calidad excelente, no contaminadas;4;Contaminacion incipiente;168;Aguas de calidad excelente, no contaminadas;4;Contaminacion incipiente;201;Aguas de calidad excelente, no contaminadas;4;Contaminacion incipiente;MONITOREO ACTIVO;-85.032;10.225;c(-85.032, 10.225)
Abangares;Abangares;PN-ABA-06;III;2017;2018;UCR;2;1;2;c(386110,34, 1126878,02);386110.000000000000000;1126878.000000000000000;Higuerilla;Guanacaste;Abangares;Colorado;169;Aguas de calidad excelente, no contaminadas;4;Contaminacion incipiente;115;Aguas de calidad excelente, no contaminadas;4;Contaminacion incipiente;198;Aguas de calidad excelente, no contaminadas;3;Sin contaminacion;162;Aguas de calidad excelente, no contaminadas;3;Sin contaminacion;SUSPENDIDO EL MONITOREO;-85.039;10.189;c(-85.039, 10.189)
Abangares;Abangares;PN-ABA-07;III;2017;2018;UCR;2;4;4;c(386127,09, 1123542,79);386127.000000000000000;1123543.000000000000000;Abangaritos;Puntarenas;Puntarenas;Manzanillo;33;Aguas de calidad mala, muy contaminadas;4;Contaminacion incipiente;81;Aguas de calidad regular, contaminacion moderada;4;Contaminacion incipiente;126;Aguas de calidad excelente, no contaminadas;4;Contaminacion incipiente;163;Aguas de calidad excelente, no contaminadas;4;Contaminacion incipiente;MONITOREO ACTIVO;-85.039;10.159;c(-85.039, 10.159)
Bananito;Rio Vizcaya;C-BAN-01;II;2016;2017;UCR;2;2;2;c(606552,141307919, 1095138,57113869);606552.000000000000000;1095139.000000000000000;Las Brisas de Kent;Limon;Limon;Matama;87;Aguas de calidad regular, contaminacion moderada;5;Contaminacion incipiente;96;Aguas de calidad regular, contaminacion moderada;4;Contaminacion incipiente;155;Aguas de calidad excelente, no contaminadas;3;Sin contaminacion;120;Aguas de calidad excelente, no contaminadas;3;Sin contaminacion;MONITOREO ACTIVO;-83.028;9.903;c(-83.028, 9.903)
Bananito;Rio Bananito;C-BAN-02;II;2016;2017;UCR;2;2;2;c(608827,685707717, 1092270,73154342);608828.000000000000000;1092271.000000000000000;Aguas arriba del puente ferroviario en Bananito Sur;Limon;Limon;Matama;69;Aguas de calidad regular, contaminacion moderada;5;Contaminacion incipiente;135;Aguas de calidad excelente, no contaminadas;4;Contaminacion incipiente;111;Aguas de calidad excelente, no contaminadas;4;Contaminacion incipiente;130;Aguas de calidad excelente, no contaminadas;4;Contaminacion incipiente;MONITOREO ACTIVO;-83.008;9.877;c(-83.008, 9.877)
Bananito;Rio Bananito;C-BAN-03;II;2016;2017;UCR;2;3;3;c(611005,121939314, 1094210,11418679);611005.000000000000000;1094210.000000000000000;El Hueco;Limon;Limon;Matama;40;Aguas de calidad mala, contaminadas;6;Contaminacion incipiente;36;Aguas de calidad mala, contaminadas;4;Contaminacion incipiente;57;Aguas de calidad mala, contaminadas;6;Contaminacion incipiente;37;Aguas de calidad mala, contaminadas;4;Contaminacion incipiente;MONITOREO ACTIVO;-82.988;9.894;c(-82.988, 9.894)
Bananito;Rio Congria;C-BAN-04;II;2016;2017;UCR;3;3;3;c(615309,394813983, 1089459,64112472);615309.000000000000000;1089460.000000000000000;Hotel El Colono;Limon;Limon;Matama;100;Aguas de calidad regular, contaminacion moderada;9;Contaminacion moderada;45;Aguas de calidad mala, contaminadas;5;Contaminacion incipiente;80;Aguas de calidad regular, contaminacion moderada;6;Contaminacion incipiente;40;Aguas de calidad mala, contaminadas;8;Contaminacion moderada;SUSPENDIDO EL MONITOREO;-82.949;9.851;c(-82.949, 9.851)
Banano;Rio Banano;C-BAN-01;II;2016;2017;UCR;2;2;2;c(600425,516563817, 1096342,99598654);600426.000000000000000;1096343.000000000000000;"Un kilometro aguas abajo de la Bananera Asuncion ""La Bomba""";Limon;Limon;Matama;116;Aguas de calidad excelente, no contaminadas;3;Sin contaminacion;129;Aguas de calidad excelente, no contaminadas;3;Sin contaminacion;92;Aguas de calidad regular, contaminacion moderada;4;Contaminacion incipiente;113;Aguas de calidad excelente, no contaminadas;3;Sin contaminacion;MONITOREO ACTIVO;-83.084;9.914;c(-83.084, 9.914)
Banano;Rio Banano;C-BANANO-02;II;2016;2017;UCR;2;3;3;c(607646,825918828, 1096504,27314073);607647.000000000000000;1096504.000000000000000;Beverly;Limon;Limon;Matama;94;Aguas de calidad regular, contaminacion moderada;5;Contaminacion incipiente;42;Aguas de calidad mala, contaminadas;3;Sin contaminacion;61;Aguas de calidad regular, contaminacion moderada;4;Contaminacion incipiente;83;Aguas de calidad regular, contaminacion moderada;4;Contaminacion incipiente;MONITOREO ACTIVO;-83.018;9.915;c(-83.018, 9.915)
Barranca;La Cabra;PN-BAR-01;III;2017;2018;TEC;2;2;2;c(435084, 1119313);435084.000000000000000;1119313.000000000000000;Piedades Sur;Alajuela;San Ramon;Piedades Sur;88;Aguas de calidad regular, contaminacion moderada;4;Contaminacion incipiente;83;Aguas de calidad regular, contaminacion moderada;3;Sin contaminacion;158;Aguas de calidad excelente, no contaminadas;3;Sin contaminacion;N/A;N/A;N/A;N/A;SUSPENDIDO EL MONITOREO;-84.592;10.122;c(-84.592, 10.122)
Barranca;Barranquilla;PN-BAR-02;III;2017;2018;TEC;1;2;2;c(431170, 1116259);431170.000000000000000;1116259.000000000000000;Piedades Sur;Alajuela;San Ramon;Piedades Sur;126;Aguas de calidad excelente, no contaminadas;3;Sin contaminacion;76;Aguas de calidad regular, contaminacion moderada;3;Sin contaminacion;128;Aguas de calidad excelente, no contaminadas;3;Sin contaminacion;128;Aguas de calidad excelente, no contaminadas;3;Sin contaminacion;MONITOREO ACTIVO;-84.628;10.094;c(-84.628, 10.094)
Barranca;Jabonal;PN-BAR-03;III;2017;2018;TEC;2;3;3;c(429923, 1114448);429923.000000000000000;1114448.000000000000000;Carrera Nueva;Alajuela;San Ramon;Zapotal;165;Aguas de calidad excelente, no contaminadas;3;Sin contaminacion;37;Aguas de calidad mala, contaminadas;3;Sin contaminacion;155;Aguas de calidad excelente, no contaminadas;6;Contaminacion incipiente;134;Aguas de calidad excelente, no contaminadas;3;Sin contaminacion;MONITOREO ACTIVO;-84.639;10.078;c(-84.639, 10.078)
Barranca;Barranca;PN-BAR-04;III;2017;2018;TEC;1;3;3;c(459288, 1123742);459288.000000000000000;1123742.000000000000000;Cirri Sur;Alajuela;Naranjo;Cirri Sur;45;Aguas de calidad mala, contaminadas;3;Sin contaminacion;77;Aguas de calidad regular, contaminacion moderada;3;Sin contaminacion;121;Aguas de calidad excelente, no contaminadas;3;Sin contaminacion;138;Aguas de calidad excelente, no contaminadas;3;Sin contaminacion;MONITOREO ACTIVO;-84.372;10.163;c(-84.372, 10.163)
Barranca;Barranca;PN-BAR-05;III;2017;2018;TEC;2;2;2;c(441837, 1113776);441837.000000000000000;1113776.000000000000000;Piedades Sur;Alajuela;San Ramon;Alfaro;61;Aguas de calidad regular, contaminacion moderada;6;Contaminacion incipiente;84;Aguas de calidad regular, contaminacion moderada;3;Sin contaminacion;142;Aguas de calidad excelente, no contaminadas;3;Sin contaminacion;160;Aguas de calidad excelente, no contaminadas;3;Sin contaminacion;MONITOREO ACTIVO;-84.531;10.072;c(-84.531, 10.072)
Barranca;Barranca;PN-BAR-06;III;2017;2018;TEC;2;2;2;c(430232, 1107699);430232.000000000000000;1107699.000000000000000;San Jeronimo;Puntarenas;Esparza;Macacona;140;Aguas de calidad excelente, no contaminadas;3;Sin contaminacion;70;Aguas de calidad regular, contaminacion moderada;4;Contaminacion incipiente;151;Aguas de calidad excelente, no contaminadas;3;Sin contaminacion;95;Aguas de calidad regular, contaminacion moderada;3;Sin contaminacion;MONITOREO ACTIVO;-84.636;10.017;c(-84.636, 10.017)
Barranca;Barranca;PN-BAR-07;III;2017;2018;TEC;1;1;1;c(423874, 1105780);423874.000000000000000;1105780.000000000000000;Barranca;Puntarenas;Puntarenas;Barranca;124;Aguas de calidad excelente, no contaminadas;3;Sin contaminacion;138;Aguas de calidad excelente, no contaminadas;3;Sin contaminacion;148;Aguas de calidad excelente, no contaminadas;3;Sin contaminacion;144;Aguas de calidad excelente, no contaminadas;3;Sin contaminacion;SUSPENDIDO EL MONITOREO;-84.694;10.000;c(-84.694, 10.000)
Barranca;Barranca;PN-BAR-08;III;2017;2018;TEC;2;2;2;c(422334, 1104536);422334.000000000000000;1104536.000000000000000;Barranca;Puntarenas;Puntarenas;Barranca;83;Aguas de calidad regular, contaminacion moderada;3;Sin contaminacion;62;Aguas de calidad regular, contaminacion moderada;4;Contaminacion incipiente;80;Aguas de calidad regular, contaminacion moderada;3;Sin contaminacion;71;Aguas de calidad regular, contaminacion moderada;3;Sin contaminacion;MONITOREO ACTIVO;-84.708;9.988;c(-84.708, 9.988)
Baru;Rio Diamante;PC-BAR-01;I;2015;2016;UCR;2;1;2;c(523585,687849393, 1024342,16505409);523586.000000000000000;1024342.000000000000000;En camino sobre el punte rio Diamante.;San Jose;Perez Zeledon;Baru;N/A;N/A;N/A;N/A;N/A;N/A;N/A;N/A;203;Aguas de calidad excelente, no contaminadas;3;Sin contaminacion;167;Aguas de calidad excelente, no contaminadas;4;Contaminacion incipiente;MONITOREO ACTIVO;-83.785;9.264;c(-83.785, 9.264)
Baru;Rio Baru;PC-BAR-02;I;2015;2016;UCR;2;1;2;c(519597,828626641, 1024524,44295162);519598.000000000000000;1024524.000000000000000;Camino a Libano. Brazo izquierdo de la isla;San Jose;Perez Zeledon;Baru;N/A;N/A;N/A;N/A;N/A;N/A;N/A;N/A;137;Aguas de calidad excelente, no contaminadas;4;Contaminacion incipiente;160;Aguas de calidad excelente, no contaminadas;4;Contaminacion incipiente;MONITOREO ACTIVO;-83.822;9.266;c(-83.822, 9.266)
Baru;Rio Baru;PC-BAR-03;I;2015;2016;UCR;2;1;2;c(515570,486253967, 1025241,65173165);515570.000000000000000;1025242.000000000000000;En desembocadura de quebrada Espavel;Puntarenas;Osa;Bahia Ballena;N/A;N/A;N/A;N/A;N/A;N/A;N/A;N/A;124;Aguas de calidad excelente, no contaminadas;4;Contaminacion incipiente;101;Aguas de calidad excelente, no contaminadas;4;Contaminacion incipiente;MONITOREO ACTIVO;-83.858;9.272;c(-83.858, 9.272)
Bebedero;Can/as;PN-BEB-01;III;2017;2018;UCR;1;2;2;c(380766,86, 1152545,41);380767.000000000000000;1152545.000000000000000;Can/as;Guanacaste;Can/as;Can/as;90;Aguas de calidad regular, contaminacion moderada;3;Sin contaminacion;89;Aguas de calidad regular, contaminacion moderada;3;Sin contaminacion;120;Aguas de calidad excelente, no contaminadas;3;Sin contaminacion;195;Aguas de calidad excelente, no contaminadas;3;Sin contaminacion;MONITOREO ACTIVO;-85.089;10.421;c(-85.089, 10.421)
Bebedero;Piedras;PN-BEB-02;III;2017;2018;UCR;2;1;2;c(367338,22, 1149747,29);367338.000000000000000;1149747.000000000000000;Cercano a Hacienda Mojica;Guanacaste;Bagaces;Bagaces;109;Aguas de calidad excelente, no contaminadas;5;Contaminacion incipiente;103;Aguas de calidad excelente, no contaminadas;4;Contaminacion incipiente;155;Aguas de calidad excelente, no contaminadas;4;Contaminacion incipiente;124;Aguas de calidad excelente, no contaminadas;4;Contaminacion incipiente;MONITOREO ACTIVO;-85.212;10.396;c(-85.212, 10.396)
Bebedero;Bebedero;PN-BEB-03;III;2017;2018;UCR;2;4;4;c(368908,16, 1146581,26);368908.000000000000000;1146581.000000000000000;Bebedero;Guanacaste;Can/as;Bebedero;68;Aguas de calidad regular, contaminacion moderada;5;Contaminacion incipiente;31;Aguas de calidad mala, muy contaminadas;4;Contaminacion incipiente;60;Aguas de calidad mala, contaminadas;4;Contaminacion incipiente;69;Aguas de calidad regular, contaminacion moderada;4;Contaminacion incipiente;SUSPENDIDO EL MONITOREO;-85.197;10.367;c(-85.197, 10.367)
Bebedero;Santa Rosa;PN-BEB-04;III;2017;2018;UCR;2;2;2;c(393740,93, 1159078,99);393741.000000000000000;1159079.000000000000000;Tilaran;Guanacaste;Tilaran;Santa Rosa;189;Aguas de calidad excelente, no contaminadas;4;Contaminacion incipiente;85;Aguas de calidad regular, contaminacion moderada;4;Contaminacion incipiente;195;Aguas de calidad excelente, no contaminadas;4;Contaminacion incipiente;169;Aguas de calidad excelente, no contaminadas;4;Contaminacion incipiente;MONITOREO ACTIVO;-84.971;10.481;c(-84.971, 10.481)
Bebedero;Blanco;PN-BEB-05;III;2017;2018;UCR;2;3;3;c(367653,27, 1181807,91);367653.000000000000000;1181808.000000000000000;Bajo Macua;Guanacaste;Bagaces;Fortuna;90;Aguas de calidad regular, contaminacion moderada;4;Contaminacion incipiente;127;Aguas de calidad excelente, no contaminadas;4;Contaminacion incipiente;69;Aguas de calidad regular, contaminacion moderada;4;Contaminacion incipiente;50;Aguas de calidad mala, contaminadas;4;Contaminacion incipiente;MONITOREO ACTIVO;-85.210;10.685;c(-85.210, 10.685)
Chirripo;Sucio;ZN-CHI-01;IV;2018;2019;TEC;2;5;5;c(505845, 1121951);505845.000000000000000;1121951.000000000000000;Parque Braulio Carrillo;Cartago;Oreamuno;Santa Rosa;25;Aguas de calidad mala, muy contaminadas;4;Contaminacion incipiente;77;Aguas de calidad regular, contaminacion moderada;4;Contaminacion incipiente;20;Aguas de calidad mala, muy contaminadas;6;Contaminacion incipiente;15;Aguas de calidad muy mala, extremadamente contaminada;4;Contaminacion incipiente;MONITOREO ACTIVO;-83.947;10.147;c(-83.947, 10.147)
Chirripo;Toro Amarillo;ZN-CHI-02;IV;2018;2019;TEC;2;2;2;c(521342, 1123861);521342.000000000000000;1123861.000000000000000;Calle la Trocha;Limon;Pococi;Guapiles;84;Aguas de calidad regular, contaminacion moderada;;;;;;;;;;;;;;;;;;c(, )
;4;Contaminacion incipiente;144;Aguas de calidad excelente;4;Contaminacion incipiente;131;Aguas de calidad excelente;5;Contaminacion incipiente;151;Aguas de calidad excelente;3;Sin contaminacion;MONITOREO ACTIVO;-83.805;10.164;;;;;;;;;;;;;;;;;;;c(, )
Chirripo;Chirripo;ZN-CHI-04;IV;2018;2019;TEC;2;3;3;c(515850, 1145812);515850.000000000000000;1145812.000000000000000;San Gerardo;Heredia;Sarapiqui;Horquetas;40;Aguas de calidad mala, contaminadas;3;Sin contaminacion;36;Aguas de calidad mala, contaminadas;3;Sin contaminacion;60;Aguas de calidad mala, contaminadas;4;Contaminacion incipiente;85;Aguas de calidad regular, contaminacion moderada;3;Sin contaminacion;SUSPENDIDO EL MONITOREO;-83.855;10.362;c(-83.855, 10.362)
Chirripo;Sucio;ZN-CHI-05;IV;2018;2019;TEC;1;2;2;c(511157, 1147119);511157.000000000000000;1147119.000000000000000;Finca Agua;Limon;Pococi;La Rita;87;Aguas de calidad regular, contaminacion moderada;3;Sin contaminacion;130;Aguas de calidad excelente;3;Sin contaminacion;129;Aguas de calidad excelente;3;Sin contaminacion;112;Aguas de calidad buena, no contaminadas;3;Sin contaminacion;MONITOREO ACTIVO;-83.898;10.374;c(-83.898, 10.374)
Curen/a;Curen/a;ZN-CUR-01;IV;2018;2019;UCR;2;1;2;c(482592,46, 1175164,98);482592.460000000020955;1175164.979999999981374;Rio Curen/a;Heredia;Sarapiqui;Curen/a;162;Aguas de calidad excelente;4;Contaminacion incipiente;133;Aguas de calidad excelente;4;Contaminacion incipiente;191;Aguas de calidad excelente;4;Contaminacion incipiente;163;Aguas de calidad excelente;6;Contaminacion incipiente;MONITOREO ACTIVO;-84.159;10.628;c(-84.159, 10.628)
Curen/a;Curen/a;ZN-CUR-02;IV;2018;2019;UCR;3;2;3;c(489977,64, 1190025,98);489977.640000000013970;1190025.979999999981374;Boca del Rio Curen/a;Heredia;Sarapiqui;Curen/a;67;Aguas de calidad regular, contaminacion moderada;;;;;;;;;;;;;;;;;;c(, )
;7;Contaminacion moderada;107;Aguas de calidad buena;" no contaminadas""";6;Contaminacion incipiente;120;Aguas de calidad buena, no contaminadas;6;Contaminacion incipiente;84;Aguas de calidad regular, contaminacion moderada;;;;;;;;;;;;;;;;;;;;;;;c(, )
;7;Contaminacion moderada;MONITOREO ACTIVO;-84.092;10.762;;;;;;;;;;;;;;;;;;;;;;;;;;;;;;;c(, )
Damas;Rio Damas;PC-DAM-02;I;2015;2016;TEC;2;2;2;c(475877,11352, 1051839,84618);475877.000000000000000;1051840.000000000000000;Pocares.;Puntarenas;Parrita;Parrita;113;Aguas de calidad excelente, no contaminadas;3;Sin contaminacion;89;Aguas de calidad regular, contaminacion moderada;3;Sin contaminacion;134;Aguas de calidad excelente, no contaminadas;4;Contaminacion incipiente;84;Aguas de calidad regular, contaminacion moderada;3;Sin contaminacion;MONITOREO ACTIVO;-84.220;9.513;c(-84.220, 9.513)
Damas;Rio Paquita;PC-DAM-03;I;2015;2016;TEC;1;3;3;c(489633,98369, 1051065,60194);489634.000000000000000;1051066.000000000000000;Paso Real;Puntarenas;Aguirre;Naranjito;89;Aguas de calidad regular, contaminacion moderada;3;Sin contaminacion;44;Aguas de calidad mala, contaminadas;3;Sin contaminacion;128;Aguas de calidad excelente, no contaminadas;3;Sin contaminacion;81;Aguas de calidad regular, contaminacion moderada;3;Sin contaminacion;MONITOREO ACTIVO;-84.094;9.506;c(-84.094, 9.506)
Damas;Rio Paquita;PC-DAM-04;I;2015;2016;TEC;2;2;2;c(480470,261591, 1046522,55946);480470.000000000000000;1046523.000000000000000;Damas (Detras del Redondel);Puntarenas;Aguirre;Quepos;78;Aguas de calidad regular, contaminacion moderada;3;Sin contaminacion;68;Aguas de calidad regular, contaminacion moderada;6;Contaminacion incipiente;89;Aguas de calidad regular, contaminacion moderada;4;Contaminacion incipiente;63;Aguas de calidad regular, contaminacion moderada;4;Contaminacion incipiente;MONITOREO ACTIVO;-84.178;9.464;c(-84.178, 9.464)
Esquinas;Piedras Blancas;PS-ESQ-01;V;2019;2020;UCR;2;1;2;c(583319,21, 970837,56);583319.209999999962747;970837.560000000055879;Punto 1, Rio Piedras Blancas;Puntarenas;Osa;Piedras Blancas;187;Aguas de calidad excelente;4;Contaminacion incipiente;N/A;N/A;N/A;N/A;N/A;N/A;N/A;N/A;N/A;N/A;N/A;N/A;MONITOREO ACTIVO;-83.243;8.779;c(-83.243, 8.779)
Esquinas;Piedras Blancas;PS-ESQ-02;V;2019;2020;UCR;1;1;1;c(603913,51, 958332,51);603913.510000000009313;958332.510000000009313;Punto 2, Rio Piedras Blancas;Puntarenas;Osa;Piedras Blancas;158;Aguas de calidad excelente;3;Sin contaminacion;N/A;N/A;N/A;N/A;N/A;N/A;N/A;N/A;N/A;N/A;N/A;N/A;MONITOREO ACTIVO;-83.056;8.666;c(-83.056, 8.666)
Esquinas;Claro;PS-ESQ-03;V;2019;2020;UCR;2;1;2;c(593881,96, 958299,35);593881.959999999962747;958299.349999999976717;Punto 3, Rio Claro;Puntarenas;Golfito;Golfito;158;Aguas de calidad excelente;4;Contaminacion incipiente;N/A;N/A;N/A;N/A;N/A;N/A;N/A;N/A;N/A;N/A;N/A;N/A;MONITOREO ACTIVO;-83.147;8.666;c(-83.147, 8.666)
Esquinas;Coto Colorado;PS-ESQ-04;V;2019;2020;UCR;2;1;2;c(602048,97, 956133);602048.969999999972060;956133.000000000000000;Punto 4, Rio Coto Colorado;Puntarenas;Golfito;Golfito;127;Aguas de calidad excelente;4;Contaminacion incipiente;N/A;N/A;N/A;N/A;N/A;N/A;N/A;N/A;N/A;N/A;N/A;N/A;MONITOREO ACTIVO;-83.073;8.646;c(-83.073, 8.646)
Esquinas;Corredores;PS-ESQ-05;V;2019;2020;UCR;2;1;2;c(616296,2, 955585,48);616296.199999999953434;955585.479999999981374;Punto 5, Rio Corredores;Puntarenas;Corredores;Corredor;169;Aguas de calidad excelente;4;Contaminacion incipiente;N/A;N/A;N/A;N/A;N/A;N/A;N/A;N/A;N/A;N/A;N/A;N/A;MONITOREO ACTIVO;-82.943;8.641;c(-82.943, 8.641)
Esquinas;Coloradillo;PS-ESQ-06;V;2019;2020;UCR;2;1;2;c(620864,78, 951524,78);620864.780000000027940;951524.780000000027940;Punto 6, Rio Coloradito;Puntarenas;Corredores;Paso Canoas;197;Aguas de calidad excelente;4;Contaminacion incipiente;N/A;N/A;N/A;N/A;N/A;N/A;N/A;N/A;N/A;N/A;N/A;N/A;MONITOREO ACTIVO;-82.902;8.604;c(-82.902, 8.604)
Estrella;Rio Cohen;C-EST-01;II;2016;2017;TEC;2;1;2;c(592527,173993, 1075888,68053);592527.000000000000000;1075889.000000000000000;Control Tributario;Limon;Limon;Valle La Estrella;123;Aguas de calidad excelente, no contaminadas;3;Sin contaminacion;114;Aguas de calidad excelente, no contaminadas;4;Contaminacion incipiente;141;Aguas de calidad excelente, no contaminadas;3;Sin contaminacion;102;Aguas de calidad excelente, no contaminadas;3;Sin contaminacion;SUSPENDIDO EL MONITOREO;-83.157;9.729;c(-83.157, 9.729)
Estrella;Rio Estrella;C-EST-02;II;2016;2017;TEC;1;1;1;c(597935,684289, 1075672,97359);597936.000000000000000;1075673.000000000000000;Boca Cohen;Limon;Limon;Valle La Estrella;138;Aguas de calidad excelente, no contaminadas;3;Sin contaminacion;155;Aguas de calidad excelente, no contaminadas;3;Sin contaminacion;111;Aguas de calidad excelente, no contaminadas;3;Sin contaminacion;108;Aguas de calidad excelente, no contaminadas;3;Sin contaminacion;SUSPENDIDO EL MONITOREO;-83.107;9.727;c(-83.107, 9.727)
Estrella;Rio Estrella;C-EST-03;II;2016;2017;TEC;2;2;3;c(615149,50571, 1078051,23246);615150.000000000000000;1078051.000000000000000;La Guaria;Limon;Limon;Valle La Estrella;37;Aguas de calidad mala, contaminadas;5;Contaminacion incipiente;75;Aguas de calidad regular, contaminacion moderada;3;Sin contaminacion;80;Aguas de calidad regular, contaminacion moderada;5;Contaminacion incipiente;91;Aguas de calidad regular, contaminacion moderada;3;Sin contaminacion;SUSPENDIDO EL MONITOREO;-82.950;9.748;c(-82.950, 9.748)
Estrella;Rio Estrella;C-EST-04;II;2016;2017;TEC;2;3;3;c(619158,216451, 1082458,24075);619158.000000000000000;1082458.000000000000000;Tajo Penshurt;Limon;Limon;Valle La Estrella;60;Aguas de calidad mala, contaminadas;4;Contaminacion incipiente;73;Aguas de calidad regular, contaminacion moderada;4;Contaminacion incipiente;55;Aguas de calidad mala, contaminadas;4;Contaminacion incipiente;76;Aguas de calidad regular, contaminacion moderada;3;Sin contaminacion;MONITOREO ACTIVO;-82.914;9.788;c(-82.914, 9.788)
Frio;Samen;ZN-FRI-01;IV;2018;2019;UNA;3;1;3;c(396005, 1182789);396005.000000000000000;1182789.000000000000000;Samen;Alajuela;Guatuso;Katira;122;Aguas de calidad excelente;4;Contaminacion incipiente;191;Aguas de calidad excelente;2;Sin contaminacion;210;Aguas de calidad excelente;4;Contaminacion incipiente;193;Aguas de calidad excelente;7;Contaminacion moderada;MONITOREO ACTIVO;-84.951;10.695;c(-84.951, 10.695)
Frio;Celeste;ZN-FRI-02;IV;2018;2019;UNA;3;2;3;c(396513, 1185236);396513.000000000000000;1185236.000000000000000;Celeste;Alajuela;Guatuso;Katira;102;Aguas de calidad buena, no contaminadas;4;Contaminacion incipiente;140;Aguas de calidad excelente;3;Sin contaminacion;119;Aguas de calidad buena, no contaminadas;4;Contaminacion incipiente;87;Aguas de calidad regular, contaminacion moderada;8;Contaminacion moderada;MONITOREO ACTIVO;-84.946;10.717;c(-84.946, 10.717)
Frio;Monico;ZN-FRI-03;IV;2018;2019;UNA;4;2;4;c(406466, 1195288);406466.000000000000000;1195288.000000000000000;Monico;Alajuela;Los Chiles;Can/o Negro;68;Aguas de calidad regular, contaminacion moderada;6;Contaminacion incipiente;N/A;;7;Contaminacion moderada;129;Aguas de calidad excelente;5;Contaminacion incipiente;98;Aguas de calidad regular, contaminacion moderada;11;Contaminacion severa;MONITOREO ACTIVO;-84.855;10.808;c(-84.855, 10.808)
Frio;Frio;ZN-FRI-04;IV;2018;2019;UNA;3;;3;c(419081, 1213800);419081.000000000000000;1213800.000000000000000;Frio;Alajuela;Los Chiles;Can/o Negro;N/A;;5;Contaminacion incipiente;N/A;;6;Contaminacion incipiente;N/A;;4;Contaminacion incipiente;N/A;;8;Contaminacion moderada;SUSPENDIDO EL MONITOREO;-84.740;10.976;c(-84.740, 10.976)
Frio;Sabogal;ZN-FRI-05;IV;2018;2019;UNA;3;2;3;c(424116, 1198841);424116.000000000000000;1198841.000000000000000;Sabogal;Alajuela;Los Chiles;Can/o Negro;83;Aguas de calidad regular, contaminacion moderada;5;Contaminacion incipiente;90;Aguas de calidad regular, contaminacion moderada;8;Contaminacion moderada;79;Aguas de calidad regular, contaminacion moderada;7;Contaminacion moderada;105;Aguas de calidad buena, no contaminadas;5;Contaminacion incipiente;MONITOREO ACTIVO;-84.694;10.841;c(-84.694, 10.841)
Grande de Terraba;Quebradas;PS-GTE-01;V;2019;2020;UNA;3;1;3;c(532996, 1041620);532996.000000000000000;1041620.000000000000000;PS-GTE-01;San Jose;Perez Zeledon;Rivas;143;Aguas de calidad excelente;5;Contaminacion incipiente;115;Aguas de calidad excelente;8;Contaminacion moderada;160;Aguas de calidad excelente;7;Contaminacion moderada;123;Aguas de calidad excelente;8;Contaminacion moderada;MONITOREO ACTIVO;-83.700;9.420;c(-83.700, 9.420)
Grande de Terraba;Pedregoso;PS-GTE-02;V;2019;2020;UNA;2;1;2;c(530449, 1034120);530449.000000000000000;1034120.000000000000000;PS-GTE-02;San Jose;Perez Zeledon;San Isidro del General;145;Aguas de calidad excelente;6;Contaminacion incipiente;109;Aguas de calidad excelente;4;Contaminacion incipiente;115;Aguas de calidad excelente;4;Contaminacion incipiente;139;Aguas de calidad excelente;8;Contaminacion moderada;MONITOREO ACTIVO;-83.723;9.352;c(-83.723, 9.352)
Grande de Terraba;Pacuar;PS-GTE-03;V;2019;2020;UNA;2;1;2;c(530356, 1031640);530356.000000000000000;1031640.000000000000000;PS-GTE-03;San Jose;Perez Zeledon;San Isidro del General;123;Aguas de calidad excelente;6;Contaminacion incipiente;107;Aguas de calidad excelente;4;Contaminacion incipiente;89;Aguas de calidad regular, contaminacion moderada;5;Contaminacion incipiente;82;Aguas de calidad regular, contaminacion moderada;8;Contaminacion moderada;MONITOREO ACTIVO;-83.724;9.330;c(-83.724, 9.330)
Grande de Terraba;General;PS-GTE-04;V;2019;2020;UNA;2;1;2;c(540450, 1024550);540450.000000000000000;1024550.000000000000000;PS-GTE-04;San Jose;Perez Zeledon;San Isidro del General;114;Aguas de calidad excelente;4;Contaminacion incipiente;113;Aguas de calidad excelente;3;Sin contaminacion;140;Aguas de calidad excelente;4;Contaminacion incipiente;111;Aguas de calidad excelente;9;Contaminacion moderada;MONITOREO ACTIVO;-83.632;9.266;c(-83.632, 9.266)
Grande de Terraba;Volcan;PS-GTE-05;V;2019;2020;UNA;2;1;2;c(560402, 1018153);560402.000000000000000;1018153.000000000000000;PS-GTE-05;Puntarenas;Buenos Aires;Volcan;130;Aguas de calidad excelente;4;Contaminacion incipiente;128;Aguas de calidad excelente;6;Contaminacion incipiente;133;Aguas de calidad excelente;7;Contaminacion moderada;140;Aguas de calidad excelente;8;Contaminacion moderada;MONITOREO ACTIVO;-83.450;9.208;c(-83.450, 9.208)
Grande de Terraba;Volcan;PS-GTE-06;V;2019;2020;UNA;2;2;2;c(563052, 1014805);563052.000000000000000;1014805.000000000000000;PS-GTE-06;Puntarenas;Buenos Aires;Volcan;62;Aguas de calidad regular, contaminacion moderada;4;Contaminacion incipiente;95;Aguas de calidad regular, contaminacion moderada;5;Contaminacion incipiente;109;Aguas de calidad excelente;7;Contaminacion moderada;134;Aguas de calidad excelente;10;Aguas de calidad mala, muy contaminadas;MONITOREO ACTIVO;-83.426;9.177;c(-83.426, 9.177)
Grande de Terraba;Coto Brus;PS-GTE-07;V;2019;2020;UNA;2;1;2;c(606327, 984614);606327.000000000000000;984614.000000000000000;PS-GTE-07;Puntarenas;Coto Brus;San Vito;125;Aguas de calidad excelente;4;Contaminacion incipiente;169;Aguas de calidad excelente;3;Sin contaminacion;144;Aguas de calidad excelente;6;Contaminacion incipiente;137;Aguas de calidad excelente;8;Contaminacion moderada;MONITOREO ACTIVO;-83.033;8.903;c(-83.033, 8.903)
Grande de Terraba;Coto Brus;PS-GTE-08;V;2019;2020;UNA;3;2;3;c(589428, 995105);589428.000000000000000;995105.000000000000000;PS-GTE-08;Puntarenas;Coto Brus;San Vito;80;Aguas de calidad regular, contaminacion moderada;7;Contaminacion moderada;103;Aguas de calidad excelente;6;Contaminacion incipiente;109;Aguas de calidad excelente;5;Contaminacion incipiente;95;Aguas de calidad regular, contaminacion moderada;8;Contaminacion moderada;MONITOREO ACTIVO;-83.187;8.999;c(-83.187, 8.999)
Jesus Maria;Rio Jesus Maria;PC-JES-01;I;2015;2016;UCR;4;1;4;c(438644,729985164, 1103797,50032355);438645.000000000000000;1103798.000000000000000;San Juan de Dios, San Mateo;Alajuela;San Mateo;San Mateo;N/A;N/A;N/A;N/A;N/A;N/A;N/A;N/A;153;Aguas de calidad excelente, no contaminadas;3;Sin contaminacion;139;Aguas de calidad excelente, no contaminadas;10;Contaminacion severa;MONITOREO ACTIVO;-84.560;9.982;c(-84.560, 9.982)
Jesus Maria;Rio Jesus Maria;PC-JES-02;I;2015;2016;UCR;2;1;2;c(433448,72374873, 1101402,6599973);433449.000000000000000;1101403.000000000000000;Puente Damas;Alajuela;San Mateo;Labrador;N/A;N/A;N/A;N/A;N/A;N/A;N/A;N/A;152;Aguas de calidad excelente, no contaminadas;4;Contaminacion incipiente;107;Aguas de calidad excelente, no contaminadas;3;Sin contaminacion;MONITOREO ACTIVO;-84.607;9.960;c(-84.607, 9.960)
Jesus Maria;Rio Jesus Maria;PC-JES-03;I;2015;2016;UCR;3;1;3;c(427001,802844264, 1096916,04045578);427002.000000000000000;1096916.000000000000000;Puente camino a Labrador;Alajuela;San Mateo;Labrador;N/A;N/A;N/A;N/A;N/A;N/A;N/A;N/A;128;Aguas de calidad excelente, no contaminadas;7;Contaminacion moderada;121;Aguas de calidad excelente, no contaminadas;5;Contaminacion incipiente;MONITOREO ACTIVO;-84.666;9.920;c(-84.666, 9.920)
Jesus Maria;Rio Jesus Maria;PC-JES-04;I;2015;2016;UCR;3;3;3;c(426346,011561504, 1096039,70377099);426346.000000000000000;1096040.000000000000000;Puente de la ruta 27 sobre rio Jesus Maria;Puntarenas;Esparza;San Juan Grande;N/A;N/A;N/A;N/A;N/A;N/A;N/A;N/A;65;Aguas de calidad regular, contaminacion moderada;8;Contaminacion moderada;41;Aguas de calidad mala, contaminadas;7;Contaminacion moderada;MONITOREO ACTIVO;-84.672;9.912;c(-84.672, 9.912)
Jesus Maria;Rio Machuca;PC-JES-05;I;2015;2016;UCR;2;1;2;c(442899, 1097938);442899.000000000000000;1097938.000000000000000;Puente sobre rio Machuca. Ruta San Mateo-Orotina;Alajuela;San Mateo;Desmonte;N/A;N/A;N/A;N/A;N/A;N/A;N/A;N/A;161;Aguas de calidad excelente, no contaminadas;4;Contaminacion incipiente;127;Aguas de calidad excelente, no contaminadas;4;Contaminacion incipiente;MONITOREO ACTIVO;-84.521;9.929;c(-84.521, 9.929)
Jesus Maria;Rio Jesus Maria;PC-JES-06;I;2015;2016;UCR;2;2;2;c(424452,336263351, 1095217,52287495);424452.000000000000000;1095218.000000000000000;Punto 6 en Finca Vargas-Salas;Alajuela;Orotina;La Ceiba;N/A;N/A;N/A;N/A;N/A;N/A;N/A;N/A;65;Aguas de calidad regular, contaminacion moderada;3;Sin contaminacion;74;Aguas de calidad regular, contaminacion moderada;5;Contaminacion incipiente;SUSPENDIDO EL MONITOREO;-84.689;9.904;c(-84.689, 9.904)
Jesus Maria;Rio Jesus Maria;PC-JES-07;I;2015;2016;UCR;2;3;3;c(424914,076127478, 1093895,15879678);424914.000000000000000;1093895.000000000000000;Punto 7 en Finca Vargas-Salas;Alajuela;Orotina;La Ceiba;N/A;N/A;N/A;N/A;N/A;N/A;N/A;N/A;90;Aguas de calidad regular, contaminacion moderada;4;Contaminacion incipiente;60;Aguas de calidad mala, contaminadas;5;Contaminacion incipiente;MONITOREO ACTIVO;-84.685;9.892;c(-84.685, 9.892)
Madre de Dios;Rio Madre de Dios;C-MAD-01;II;2016;2017;UNA;3;2;3;c(564448, 1114320);564448.000000000000000;1114320.000000000000000;Vegas;Limon;Matina;Batan;141;Aguas de calidad excelente, no contaminadas;5;Contaminacion incipiente;142;Aguas de calidad excelente, no contaminadas;4;Contaminacion incipiente;82;Aguas de calidad regular, contaminacion moderada;7;Contaminacion moderada;99;Aguas de calidad regular, contaminacion moderada;5;Contaminacion incipiente;MONITOREO ACTIVO;-83.412;10.077;c(-83.412, 10.077)
Madre de Dios;Rio Can/o Azul;C-MAD-02;II;2016;2017;UNA;3;4;4;c(569791, 1121546);569791.000000000000000;1121546.000000000000000;Cerca del poblado de Sahara;Limon;Siquirres;Pacuarito;59;Aguas de calidad mala, contaminadas;9;Contaminacion moderada;32;Aguas de calidad mala, muy contaminadas;5;Contaminacion incipiente;71;Aguas de calidad regular, contaminacion moderada;5;Contaminacion incipiente;49;Aguas de calidad mala, contaminadas;6;Contaminacion incipiente;MONITOREO ACTIVO;-83.363;10.142;c(-83.363, 10.142)
Madre de Dios;Rio Madre de Dios;C-MAD-03;II;2016;2017;UNA;3;3;3;c(569864, 1121460);569864.000000000000000;1121460.000000000000000;Sahara;Limon;Matina;Batan;102;Aguas de calidad excelente, no contaminadas;7;Contaminacion moderada;92;Aguas de calidad regular, contaminacion moderada;3;Sin contaminacion;60;Aguas de calidad mala, contaminadas;3;Sin contaminacion;116;Aguas de calidad excelente, no contaminadas;5;Contaminacion incipiente;MONITOREO ACTIVO;-83.362;10.141;c(-83.362, 10.141)
Matina;Rio Matina;C-MAT-01;II;2016;2017;UNA;3;3;3;c(584311, 1119663);584311.000000000000000;1119663.000000000000000;Barra Matina Norte;Limon;Matina;Matina;44;Aguas de calidad mala, contaminadas;4;Contaminacion incipiente;69;Aguas de calidad regular, contaminacion moderada;7;Contaminacion moderada;67;Aguas de calidad regular, contaminacion moderada;3;Sin contaminacion;98;Aguas de calidad regular, contaminacion moderada;7;Contaminacion moderada;SUSPENDIDO EL MONITOREO;-83.231;10.125;c(-83.231, 10.125)
Matina;Rio Matina;C-MAT-02;II;2016;2017;UNA;3;4;4;c(587660, 1119040);587660.000000000000000;1119040.000000000000000;Boca Rio Matina;Limon;Matina;Matina;20;Aguas de calidad mala, muy contaminadas;4;Contaminacion incipiente;40;Aguas de calidad mala, contaminadas;5;Contaminacion incipiente;23;Aguas de calidad mala, muy contaminadas;3;Sin contaminacion;27;Aguas de calidad mala, muy contaminadas;8;Contaminacion moderada;SUSPENDIDO EL MONITOREO;-83.200;10.119;c(-83.200, 10.119)
Matina;Rio Matina;C-MAT-03;II;2016;2017;UNA;3;2;3;c(579394, 1114132);579394.000000000000000;1114132.000000000000000;Luisa Este;Limon;Matina;Matina;74;Aguas de calidad regular, contaminacion moderada;4;Contaminacion incipiente;106;Aguas de calidad excelente, no contaminadas;5;Contaminacion incipiente;89;Aguas de calidad regular, contaminacion moderada;3;Sin contaminacion;78;Aguas de calidad regular, contaminacion moderada;7;Contaminacion moderada;MONITOREO ACTIVO;-83.276;10.075;c(-83.276, 10.075)
Matina;Rio Barbilla;C-MAT-04;II;2016;2017;UNA;3;2;3;c(568897, 1112449);568897.000000000000000;1112449.000000000000000;Barbilla. Cerca de Finca Gemelas;Limon;Matina;Batan;112;Aguas de calidad excelente, no contaminadas;4;Contaminacion incipiente;113;Aguas de calidad excelente, no contaminadas;5;Contaminacion incipiente;108;Aguas de calidad excelente, no contaminadas;9;Contaminacion moderada;95;Aguas de calidad regular, contaminacion moderada;5;Contaminacion incipiente;MONITOREO ACTIVO;-83.371;10.060;c(-83.371, 10.060)
Matina;Rio Chirripo;C-MAT-05;II;2016;2017;UNA;3;2;3;c(576526, 1105216);576526.000000000000000;1105216.000000000000000;Aguas arriba de la union del rio Zent con el rio Chirripo;Limon;Matina;Matina;101;Aguas de calidad excelente, no contaminadas;4;Contaminacion incipiente;141;Aguas de calidad excelente, no contaminadas;4;Contaminacion incipiente;123;Aguas de calidad excelente, no contaminadas;9;Contaminacion moderada;92;Aguas de calidad regular, contaminacion moderada;6;Contaminacion incipiente;MONITOREO ACTIVO;-83.302;9.994;c(-83.302, 9.994)
Matina;Rio Chirripo;C-MAT-06;II;2016;2017;UNA;3;2;3;c(572276, 1101262);572276.000000000000000;1101262.000000000000000;Playa Hermosa;Limon;Matina;Matina;106;Aguas de calidad excelente, no contaminadas;3;Sin contaminacion;153;Aguas de calidad excelente, no contaminadas;4;Contaminacion incipiente;65;Aguas de calidad regular, contaminacion moderada;9;Contaminacion moderada;N/A;N/A;N/A;N/A;SUSPENDIDO EL MONITOREO;-83.341;9.959;c(-83.341, 9.959)
Matina;Rio Chirripo;C-MAT-07;II;2016;2017;TEC;2;2;2;c(570379, 1083192);570379.000000000000000;1083192.000000000000000;Roca Quemada;Cartago;Turrialba;Chirripo;123;Aguas de calidad excelente, no contaminadas;3;Sin contaminacion;146;Aguas de calidad excelente, no contaminadas;4;Contaminacion incipiente;89;Aguas de calidad regular, contaminacion moderada;3;Sin contaminacion;N/A;N/A;N/A;N/A;SUSPENDIDO EL MONITOREO;-83.358;9.795;c(-83.358, 9.795)
Matina;Rio Chirripo;C-MAT-08;II;2016;2017;TEC;1;2;2;c(569987, 1082807);569987.000000000000000;1082807.000000000000000;Dikoklorinak;Cartago;Turrialba;Chirripo;177;Aguas de calidad excelente, no contaminadas;3;Sin contaminacion;166;Aguas de calidad excelente, no contaminadas;3;Sin contaminacion;81;Aguas de calidad regular, contaminacion moderada;3;Sin contaminacion;N/A;N/A;N/A;N/A;SUSPENDIDO EL MONITOREO;-83.362;9.792;c(-83.362, 9.792)
Moin;Rio Blanco;C-MOI-01;II;2016;2017;UCR;2;1;2;c(591520,71426963, 1099004,61675266);591521.000000000000000;1099005.000000000000000;La Victoria;Limon;Limon;Rio Blanco;146;Aguas de calidad excelente, no contaminadas;4;Contaminacion incipiente;121;Aguas de calidad excelente, no contaminadas;4;Contaminacion incipiente;153;Aguas de calidad excelente, no contaminadas;4;Contaminacion incipiente;123;Aguas de calidad excelente, no contaminadas;3;Sin contaminacion;MONITOREO ACTIVO;-83.165;9.938;c(-83.165, 9.938)
Moin;Rio Blanco;C-MOI-02;II;2016;2017;UCR;2;2;2;c(595924,747673252, 1104968,4121655);595925.000000000000000;1104968.000000000000000;Liverpool;Limon;Limon;Rio Blanco;103;Aguas de calidad excelente, no contaminadas;4;Contaminacion incipiente;77;Aguas de calidad regular, contaminacion moderada;5;Contaminacion incipiente;110;Aguas de calidad excelente, no contaminadas;3;Sin contaminacion;104;Aguas de calidad excelente, no contaminadas;4;Contaminacion incipiente;MONITOREO ACTIVO;-83.125;9.992;c(-83.125, 9.992)
Moin;Rio Limoncito;C-MOI-03;II;2016;2017;UCR;2;1;2;c(602652,525250661, 1100493,37653155);602653.000000000000000;1100493.000000000000000;Valle La Aurora;Limon;Limon;Matama;137;Aguas de calidad excelente, no contaminadas;4;Contaminacion incipiente;139;Aguas de calidad excelente, no contaminadas;5;Contaminacion incipiente;134;Aguas de calidad excelente, no contaminadas;4;Contaminacion incipiente;149;Aguas de calidad excelente, no contaminadas;4;Contaminacion incipiente;MONITOREO ACTIVO;-83.064;9.951;c(-83.064, 9.951)
Moin;Rio Limoncito;C-MOI-04;II;2016;2017;UCR;5;4;5;c(604923,945742887, 1104152,75420061);604924.000000000000000;1104153.000000000000000;Barrio Limoncito;Limon;Limon;Limon;40;Aguas de calidad mala, contaminadas;8;Contaminacion moderada;35;Aguas de calidad mala, muy contaminadas;11;Contaminacion severa;31;Aguas de calidad mala, muy contaminadas;13;Contaminacion muy severa;44;Aguas de calidad mala, contaminadas;10;Contaminacion severa;MONITOREO ACTIVO;-83.043;9.984;c(-83.043, 9.984)
Naranjo;Rio Naranjo;PC-NAR-01;I;2015;2016;UNA;1;1;1;c(494958, 1049620);494958.000000000000000;1049620.000000000000000;Por Esquipulas;San Jose;Tarrazu;San Lorenzo;N/A;N/A;N/A;N/A;N/A;N/A;N/A;N/A;126;Aguas de calidad excelente, no contaminadas;3;Sin contaminacion;102;Aguas de calidad excelente, no contaminadas;3;Sin contaminacion;MONITOREO ACTIVO;-84.046;9.493;c(-84.046, 9.493)
Naranjo;Rio Naranjo;PC-NAR-02;I;2015;2016;UNA;1;1;1;c(492323, 1046307);492323.000000000000000;1046307.000000000000000;Puente Rio Naranjo;Puntarenas;Aguirre;Naranjito;N/A;N/A;N/A;N/A;N/A;N/A;N/A;N/A;134;Aguas de calidad excelente, no contaminadas;3;Sin contaminacion;104;Aguas de calidad excelente, no contaminadas;3;Sin contaminacion;SUSPENDIDO EL MONITOREO;-84.070;9.463;c(-84.070, 9.463)
Naranjo;Rio Naranjo;PC-NAR-03;I;2015;2016;UNA;1;2;2;c(487152, 1042701);487152.000000000000000;1042701.000000000000000;Puente Rio Naranjo en la Costanera;Puntarenas;Aguirre;Quepos;N/A;N/A;N/A;N/A;N/A;N/A;N/A;N/A;62;Aguas de calidad regular, contaminacion moderada;3;Sin contaminacion;71;Aguas de calidad regular, contaminacion moderada;3;Sin contaminacion;MONITOREO ACTIVO;-84.117;9.430;c(-84.117, 9.430)
Naranjo;Quebrada Escandalosa;PC-NAR-04;I;2015;2016;UNA;3;2;3;c(493052, 1038399);493052.000000000000000;1038399.000000000000000;Caserio Mona;Puntarenas;Aguirre;Quepos;N/A;N/A;N/A;N/A;N/A;N/A;N/A;N/A;75;Aguas de calidad regular, contaminacion moderada;6;Contaminacion incipiente;70;Aguas de calidad regular, contaminacion moderada;9;Contaminacion moderada;SUSPENDIDO EL MONITOREO;-84.063;9.391;c(-84.063, 9.391)
Pacuare;Rio Pacuare;C-PAC-01;II;2016;2017;TEC;2;2;2;c(553952,786257, 1086598,71978);553953.000000000000000;1086599.000000000000000;Bajo Pacuare;Cartago;Turrialba;Tayutic;97;Aguas de calidad regular, contaminacion moderada;4;Contaminacion incipiente;161;Aguas de calidad excelente, no contaminadas;4;Contaminacion incipiente;166;Aguas de calidad excelente, no contaminadas;3;Sin contaminacion;127;Aguas de calidad excelente, no contaminadas;4;Contaminacion incipiente;SUSPENDIDO EL MONITOREO;-83.508;9.827;c(-83.508, 9.827)
Pacuare;Rio Pacuare;C-PAC-02;II;2016;2017;UCR;2;1;2;c(549561,679383256, 1104203,60858089);549562.000000000000000;1104204.000000000000000;Finca Tres Equis;Cartago;Turrialba;Tres Equis;190;Aguas de calidad excelente, no contaminadas;4;Contaminacion incipiente;165;Aguas de calidad excelente, no contaminadas;3;Sin contaminacion;141;Aguas de calidad excelente, no contaminadas;3;Sin contaminacion;133;Aguas de calidad excelente, no contaminadas;3;Sin contaminacion;MONITOREO ACTIVO;-83.548;9.986;c(-83.548, 9.986)
Pacuare;Rio Siquirres;C-PAC-03;II;2016;2017;UCR;2;2;2;c(561423,243580035, 1122417,35546793);561423.000000000000000;1122417.000000000000000;Indiana Tres;Limon;Siquirres;Siquirres;95;Aguas de calidad regular, contaminacion moderada;5;Contaminacion incipiente;111;Aguas de calidad excelente, no contaminadas;4;Contaminacion incipiente;115;Aguas de calidad excelente, no contaminadas;4;Contaminacion incipiente;108;Aguas de calidad excelente, no contaminadas;4;Contaminacion incipiente;MONITOREO ACTIVO;-83.439;10.150;c(-83.439, 10.150)
Pacuare;Rio Pacuare;C-PAC-04;II;2016;2017;UNA;3;2;3;c(556395, 1116515);556395.000000000000000;1116515.000000000000000;Betania;Limon;Siquirres;Pacuarito;144;Aguas de calidad excelente, no contaminadas;3;Sin contaminacion;108;Aguas de calidad excelente, no contaminadas;3;Sin contaminacion;90;Aguas de calidad regular, contaminacion moderada;8;Contaminacion moderada;N/A;N/A;N/A;N/A;SUSPENDIDO EL MONITOREO;-83.485;10.097;c(-83.485, 10.097)
Pacuare;Rio Pacuare;C-PAC-05;II;2016;2017;UNA;4;2;4;c(559157, 1118911);559157.000000000000000;1118911.000000000000000;Indiana Dos;Limon;Siquirres;Pacuarito;109;Aguas de calidad excelente, no contaminadas;4;Contaminacion incipiente;107;Aguas de calidad excelente, no contaminadas;4;Contaminacion incipiente;115;Aguas de calidad excelente, no contaminadas;4;Contaminacion incipiente;96;Aguas de calidad regular, contaminacion moderada;10;Contaminacion severa;MONITOREO ACTIVO;-83.460;10.119;c(-83.460, 10.119)
Pacuare;Rio Pacuare;C-PAC-06;II;2016;2017;UNA;3;4;4;c(573103, 1128204);573103.000000000000000;1128204.000000000000000;San Rafael;Limon;Siquirres;Pacuarito;22;Aguas de calidad mala, muy contaminadas;3;Sin contaminacion;N/A;N/A;7;Contaminacion moderada;78;Aguas de calidad regular, contaminacion moderada;6;Contaminacion incipiente;N/A;N/A;9;Contaminacion moderada;SUSPENDIDO EL MONITOREO;-83.333;10.202;c(-83.333, 10.202)
Pacuare;Rio Pacuare;C-PAC-07;II;2016;2017;UNA;4;2;4;c(573104, 1128204);573104.000000000000000;1128204.000000000000000;San Rafael;Limon;Siquirres;Pacuarito;N/A;N/A;N/A;N/A;N/A;N/A;N/A;N/A;N/A;N/A;N/A;N/A;61;Aguas de calidad regular, contaminacion moderada;10;Contaminacion severa;SUSPENDIDO EL MONITOREO;-83.333;10.202;c(-83.333, 10.202)
Parrita;Rio Pirris;PC-PAR-01;I;2015;2016;UCR;2;1;2;c(507464,955914479, 1066602,780913);507465.000000000000000;1066603.000000000000000;Camino a Copey de Dota;San Jose;Dota;Copey;N/A;N/A;N/A;N/A;N/A;N/A;N/A;N/A;164;Aguas de calidad excelente, no contaminadas;4;Contaminacion incipiente;191;Aguas de calidad excelente, no contaminadas;4;Contaminacion incipiente;MONITOREO ACTIVO;-83.932;9.646;c(-83.932, 9.646)
Parrita;Rio Pirris;PC-PAR-02;I;2015;2016;UCR;3;1;3;c(494663,598162721, 1067817,88746221);494664.000000000000000;1067818.000000000000000;Camino por Sabana;San Jose;Tarrazu;San Lorenzo;N/A;N/A;N/A;N/A;N/A;N/A;N/A;N/A;124;Aguas de calidad excelente, no contaminadas;7;Contaminacion moderada;113;Aguas de calidad excelente, no contaminadas;4;Contaminacion incipiente;MONITOREO ACTIVO;-84.049;9.657;c(-84.049, 9.657)
Parrita;Rio Pirris;PC-PAR-03;I;2015;2016;TEC;1;2;2;c(470905,970253, 1067483,32416);470906.000000000000000;1067483.000000000000000;Las Vegas;San Jose;Acosta;Sabanillas;86;Aguas de calidad regular, contaminacion moderada;3;Sin contaminacion;154;Aguas de calidad excelente, no contaminadas;3;Sin contaminacion;125;Aguas de calidad excelente, no contaminadas;3;Sin contaminacion;67;Aguas de calidad regular, contaminacion moderada;3;Sin contaminacion;MONITOREO ACTIVO;-84.265;9.654;c(-84.265, 9.654)
Parrita;Rio Candelaria;PC-PAR-04;I;2015;2016;TEC;1;2;2;c(479275,444853, 1081225,39317);479275.000000000000000;1081225.000000000000000;Cangrejal;San Jose;Acosta;Cangrejal;81;Aguas de calidad regular, contaminacion moderada;3;Sin contaminacion;68;Aguas de calidad regular, contaminacion moderada;3;Sin contaminacion;142;Aguas de calidad excelente, no contaminadas;3;Sin contaminacion;86;Aguas de calidad regular, contaminacion moderada;3;Sin contaminacion;MONITOREO ACTIVO;-84.189;9.778;c(-84.189, 9.778)
Parrita;Rio Candelaria;PC-PAR-05;I;2015;2016;TEC;1;2;2;c(464126,123399, 1080032,69848);464126.000000000000000;1080033.000000000000000;Bajo Los Plomos;San Jose;Acosta;Sabanillas;110;Aguas de calidad excelente, no contaminadas;3;Sin contaminacion;72;Aguas de calidad regular, contaminacion moderada;3;Sin contaminacion;90;Aguas de calidad regular, contaminacion moderada;3;Sin contaminacion;115;Aguas de calidad excelente, no contaminadas;3;Sin contaminacion;SUSPENDIDO EL MONITOREO;-84.327;9.767;c(-84.327, 9.767)
Peninsula de Nicoya;Morote;PN-PEN-01;III;2017;2018;UNA;3;2;3;c(349842, 1117119);349842.000000000000000;1117119.000000000000000;Mansion;Guanacaste;Nicoya;Mansion;105;Aguas de calidad excelente, no contaminadas;4;Contaminacion incipiente;68;Aguas de calidad regular, contaminacion moderada;4;Contaminacion incipiente;192;Aguas de calidad excelente, no contaminadas;7;Contaminacion moderada;172;Aguas de calidad excelente, no contaminadas;5;Contaminacion incipiente;MONITOREO ACTIVO;-85.370;10.100;c(-85.370, 10.100)
Peninsula de Nicoya;Morote;PN-PEN-02;III;2017;2018;UNA;2;2;2;c(355309, 1113777);355309.000000000000000;1113777.000000000000000;Uvita;Guanacaste;Nicoya;Mansion;82;Aguas de calidad regular, contaminacion moderada;4;Contaminacion incipiente;N/A;N/A;4;Contaminacion incipiente;178;Aguas de calidad excelente, no contaminadas;5;Contaminacion incipiente;159;Aguas de calidad excelente, no contaminadas;4;Contaminacion incipiente;MONITOREO ACTIVO;-85.320;10.070;c(-85.320, 10.070)
Peninsula de Nicoya;Morote;PN-PEN-03;III;2017;2018;UNA;;3;3;c(365172, 1112633);365172.000000000000000;1112633.000000000000000;Finca Pozo de Piedra;Guanacaste;Nicoya;Nicoya;N/A;N/A;9;Contaminacion moderada;N/A;N/A;6;Contaminacion incipiente;N/A;N/A;5;Contaminacion incipiente;N/A;N/A;6;Contaminacion incipiente;SUSPENDIDO EL MONITOREO;-85.230;10.060;c(-85.230, 10.060)
Peninsula de Nicoya;Nosara;PN-PEN-04;III;2017;2018;UNA;2;2;2;c(317976, 1102883);317976.000000000000000;1102883.000000000000000;Santa Marta;Guanacaste;Nicoya;Nosara;83;Aguas de calidad regular, contaminacion moderada;4;Contaminacion incipiente;74;Aguas de calidad regular, contaminacion moderada;3;Sin contaminacion;82;Aguas de calidad regular, contaminacion moderada;4;Contaminacion incipiente;100;Aguas de calidad regular, contaminacion moderada;5;Contaminacion incipiente;MONITOREO ACTIVO;-85.660;9.970;c(-85.660, 9.970)
Peninsula de Nicoya;Nosara;PN-PEN-05;III;2017;2018;UNA;3;3;3;c(331169, 1109457);331169.000000000000000;1109457.000000000000000;Juntas;Guanacaste;Nicoya;Nosara;39;Aguas de calidad mala, contaminadas;7;Contaminacion moderada;89;Aguas de calidad regular, contaminacion moderada;3;Sin contaminacion;159;Aguas de calidad excelente, no contaminadas;8;Contaminacion moderada;144;Aguas de calidad excelente, no contaminadas;7;Contaminacion moderada;MONITOREO ACTIVO;-85.540;10.030;c(-85.540, 10.030)
Peninsula de Nicoya;Bongo;PN-PEN-06;III;2017;2018;TEC;2;3;3;c(367100, 1077698);367100.000000000000000;1077698.000000000000000;Bongo;Guanacaste;Nandayure;Bejuco;39;Aguas de calidad mala, contaminadas;4;Contaminacion incipiente;53;Aguas de calidad mala, contaminadas;3;Sin contaminacion;81;Aguas de calidad regular, contaminacion moderada;3;Sin contaminacion;67;Aguas de calidad regular, contaminacion moderada;3;Sin contaminacion;MONITOREO ACTIVO;-85.211;9.744;c(-85.211, 9.744)
Peninsula de Nicoya;Blanco;PN-PEN-07;III;2017;2018;TEC;2;3;3;c(369901, 1088599);369901.000000000000000;1088599.000000000000000;Zapote;Puntarenas;Puntarenas;Lepanto;46;Aguas de calidad mala, contaminadas;4;Contaminacion incipiente;117;Aguas de calidad excelente, no contaminadas;3;Sin contaminacion;168;Aguas de calidad excelente, no contaminadas;3;Sin contaminacion;149;Aguas de calidad excelente, no contaminadas;4;Contaminacion incipiente;MONITOREO ACTIVO;-85.186;9.843;c(-85.186, 9.843)
Peninsula de Nicoya;Ario;PN-PEN-08;III;2017;2018;TEC;2;3;3;c(369108, 1075466);369108.000000000000000;1075466.000000000000000;Bajo Ario;Puntarenas;Puntarenas;Paquera;52;Aguas de calidad mala, contaminadas;4;Contaminacion incipiente;67;Aguas de calidad regular, contaminacion moderada;3;Sin contaminacion;96;Aguas de calidad regular, contaminacion moderada;4;Contaminacion incipiente;45;Aguas de calidad mala, contaminadas;4;Contaminacion incipiente;MONITOREO ACTIVO;-85.193;9.724;c(-85.193, 9.724)
Peninsula de Nicoya;Ario;PN-PEN-09;III;2017;2018;TEC;3;3;3;c(377981, 1077549);377981.000000000000000;1077549.000000000000000;San Ramon de Ario;Puntarenas;Puntarenas;Paquera;106;Aguas de calidad excelente, no contaminadas;3;Sin contaminacion;129;Aguas de calidad excelente, no contaminadas;3;Sin contaminacion;155;Aguas de calidad excelente, no contaminadas;3;Sin contaminacion;45;Aguas de calidad mala, contaminadas;7;Contaminacion moderada;MONITOREO ACTIVO;-85.112;9.743;c(-85.112, 9.743)
Peninsula de Osa;Sierpe;PS-POS-02;V;2019;2020;UCR;2;4;4;c(561638,5, 978793,43);561638.500000000000000;978793.430000000051223;Punto 7, Rio Sierpe, poblado La Hacienda;Puntarenas;Osa;Sierpe;35;Aguas de calidad mala, muy contaminadas;6;Contaminacion incipiente;N/A;N/A;N/A;N/A;N/A;N/A;N/A;N/A;N/A;N/A;N/A;N/A;MONITOREO ACTIVO;-83.440;8.852;c(-83.440, 8.852)
Peninsula de Osa;Sierpe;PS-POS-01;V;2019;2020;UCR;3;1;3;c(574425,84, 973585,82);574425.839999999967404;973585.819999999948777;Punto 8, Rio Sierpe, Finca Cartago;Puntarenas;Osa;Sierpe;130;Aguas de calidad excelente;7;Contaminacion moderada;N/A;N/A;N/A;N/A;N/A;N/A;N/A;N/A;N/A;N/A;N/A;N/A;MONITOREO ACTIVO;-83.323;8.804;c(-83.323, 8.804)
Peninsula de Osa;Progreso;PS-POS-03;V;2019;2020;TEC;2;1;2;c(540780, 963406);540780.000000000000000;963406.000000000000000;El Progreso;Puntarenas;Osa;Sierpe;129;Aguas de calidad excelente;4;Contaminacion incipiente;98;Aguas de calidad regular, contaminacion moderada;4;Contaminacion incipiente;124;Aguas de calidad excelente;5;Contaminacion incipiente;151;Aguas de calidad excelente;3;Sin contaminacion;MONITOREO ACTIVO;-83.629;8.713;c(-83.629, 8.713)
Peninsula de Osa;Drake;PS-POS-04;V;2019;2020;TEC;2;1;2;c(540031, 963224);540031.000000000000000;963224.000000000000000;El Progreso;Puntarenas;Osa;Sierpe;116;Aguas de calidad buena, no contaminadas;4;Contaminacion incipiente;156;Aguas de calidad excelente;5;Contaminacion incipiente;145;Aguas de calidad excelente;4;Contaminacion incipiente;141;Aguas de calidad excelente;3;Sin contaminacion;MONITOREO ACTIVO;-83.636;8.711;c(-83.636, 8.711)
Peninsula de Osa;Q. El Carmen;PS-POS-05;V;2019;2020;TEC;2;2;2;c(537199, 960976);537199.000000000000000;960976.000000000000000;Drake centro;Puntarenas;Osa;Sierpe;93;Aguas de calidad regular, contaminacion moderada;4;Contaminacion incipiente;126;Aguas de calidad excelente;4;Contaminacion incipiente;168;Aguas de calidad excelente;4;Contaminacion incipiente;145;Aguas de calidad excelente;3;Sin contaminacion;MONITOREO ACTIVO;-83.662;8.691;c(-83.662, 8.691)
Peninsula de Osa;Rincon;PS-POS-06;V;2019;2020;TEC;2;1;2;c(556454, 952686);556454.000000000000000;952686.000000000000000;Pavones;Puntarenas;Golfito;Puerto Jimenez;109;Aguas de calidad buena, no contaminadas;4;Contaminacion incipiente;149;Aguas de calidad excelente;3;Sin contaminacion;126;Aguas de calidad excelente;6;Contaminacion incipiente;131;Aguas de calidad excelente;3;Sin contaminacion;MONITOREO ACTIVO;-83.487;8.616;c(-83.487, 8.616)
Peninsula de Osa;Rincon;PS-POS-07;V;2019;2020;TEC;2;2;2;c(557699, 960827);557699.000000000000000;960827.000000000000000;Rincon;Puntarenas;Golfito;Puerto Jimenez;81;Aguas de calidad regular, contaminacion moderada;4;Contaminacion incipiente;98;Aguas de calidad regular, contaminacion moderada;4;Contaminacion incipiente;77;Aguas de calidad regular, contaminacion moderada;4;Contaminacion incipiente;81;Aguas de calidad regular, contaminacion moderada;4;Contaminacion incipiente;MONITOREO ACTIVO;-83.476;8.689;c(-83.476, 8.689)
Peninsula de Osa;Tigre;PS-POS-08;V;2019;2020;TEC;1;1;1;c(565955, 942456);565955.000000000000000;942456.000000000000000;Gallardo;Puntarenas;Golfito;Puerto Jimenez;114;Aguas de calidad buena, no contaminadas;3;Sin contaminacion;109;Aguas de calidad excelente;3;Sin contaminacion;146;Aguas de calidad excelente;5;Contaminacion incipiente;116;Aguas de calidad excelente;4;Contaminacion incipiente;MONITOREO ACTIVO;-83.401;8.523;c(-83.401, 8.523)
Peninsula de Osa;Tigre;PS-POS-09;V;2019;2020;TEC;2;2;2;c(573396, 945256);573396.000000000000000;945256.000000000000000;Puente sobre rio Tigre;Puntarenas;Golfito;Puerto Jimenez;68;Aguas de calidad regular, contaminacion moderada;4;Contaminacion incipiente;93;Aguas de calidad regular, contaminacion moderada;4;Contaminacion incipiente;113;Aguas de calidad excelente;4;Contaminacion incipiente;92;Aguas de calidad regular, contaminacion moderada;3;Sin contaminacion;MONITOREO ACTIVO;-83.333;8.548;c(-83.333, 8.548)
Peninsula de Osa;Q. Cacao;PS-POS-10;V;2019;2020;TEC;2;4;4;c(576705, 943931);576705.000000000000000;943931.000000000000000;Calle Manglar/ Puerto Jimenez centro;Puntarenas;Golfito;Puerto Jimenez;17;Aguas de calidad mala, muy contaminadas;6;Contaminacion incipiente;N/A;N/A;N/A;N/A;N/A;N/A;N/A;N/A;N/A;N/A;N/A;N/A;SUSPENDIDO EL MONITOREO;-83.303;8.536;c(-83.303, 8.536)
Peninsula de Osa;Afluente quebrada Cacao;PS-POS-10.1;V;2019;2020;TEC;3;3;3;c(576535, 943377);576535.000000000000000;943377.000000000000000;Calle Manglar/ Puerto Jimenez centro. Aguas arriba del punto 10;Puntarenas;Golfito;Puerto Jimenez;N/A;;N/A;;58;Aguas de calidad mala, contaminadas;7;Contaminacion moderada;88;Aguas de calidad regular, contaminacion moderada;9;Contaminacion moderada;47;Aguas de calidad mala, contaminadas;7;Contaminacion moderada;MONITOREO ACTIVO;-83.305;8.531;c(-83.305, 8.531)
Pocosol;Infiernillo;ZN-POC-01;IV;2018;2019;UCR;2;2;2;c(459889,66, 1204407,21);459889.659999999974389;1204407.209999999962747;Llano Verde, camino a Crucitas, Cutris;Alajuela;San Carlos;Cutris;96;Aguas de calidad regular, contaminacion moderada;5;Contaminacion incipiente;80;Aguas de calidad regular, contaminacion moderada;6;Contaminacion incipiente;91;Aguas de calidad regular, contaminacion moderada;5;Contaminacion incipiente;98;Aguas de calidad regular, contaminacion moderada;5;Contaminacion incipiente;MONITOREO ACTIVO;-84.367;10.892;c(-84.367, 10.892)
Pocosol;Pocosol;ZN-POC-02;IV;2018;2019;UCR;2;1;2;c(439806,48, 1181286,54);439806.479999999981374;1181286.540000000037253;Acapulco;Alajuela;San Carlos;Pocosol;173;Aguas de calidad excelente;4;Contaminacion incipiente;173;Aguas de calidad excelente;4;Contaminacion incipiente;206;Aguas de calidad excelente;4;Contaminacion incipiente;169;Aguas de calidad excelente;4;Contaminacion incipiente;MONITOREO ACTIVO;-84.550;10.683;c(-84.550, 10.683)
Pocosol;Pocosol;ZN-POC-03;IV;2018;2019;UCR;2;2;2;c(440761,81, 1196191,88);440761.809999999997672;1196191.879999999888241;San Cristobal;Alajuela;San Carlos;Pocosol;81;Aguas de calidad regular, contaminacion moderada;5;Contaminacion incipiente;111;Aguas de calidad buena, no contaminadas;5;Contaminacion incipiente;123;Aguas de calidad excelente;4;Contaminacion incipiente;170;Aguas de calidad excelente;4;Contaminacion incipiente;SUSPENDIDO EL MONITOREO;-84.542;10.817;c(-84.542, 10.817)
Pocosol;Pocosol;ZN-POC-04;IV;2018;2019;UCR;2;2;2;c(447414,14, 1208498,74);447414.140000000013970;1208498.739999999990687;Finca en Can/o Castilla;Alajuela;Los Chiles;Los Chiles;100;Aguas de calidad regular, contaminacion moderada;6;Contaminacion incipiente;67;Aguas de calidad regular, contaminacion moderada;5;Contaminacion incipiente;72;Aguas de calidad regular, contaminacion moderada;5;Contaminacion incipiente;97;Aguas de calidad regular, contaminacion moderada;4;Contaminacion incipiente;MONITOREO ACTIVO;-84.481;10.929;c(-84.481, 10.929)
Pocosol;Medio Queso;ZN-POC-05;IV;2018;2019;UCR;3;2;3;c(424939,39, 1219769,72);424939.390000000013970;1219769.719999999972060;Medio Queso;Alajuela;Los Chiles;Los Chiles;90;Aguas de calidad regular, contaminacion moderada;7;Contaminacion moderada;126;Aguas de calidad excelente;7;Contaminacion moderada;108;Aguas de calidad buena, no contaminadas;7;Contaminacion moderada;126;Aguas de calidad excelente;7;Contaminacion moderada;MONITOREO ACTIVO;-84.687;11.030;c(-84.687, 11.030)
Pocosol;Medio Queso;ZN-POC-06;IV;2018;2019;UCR;3;3;3;c(437136,15, 1219338,62);437136.150000000023283;1219338.620000000111759;Isla Chica;Alajuela;Los Chiles;Los Chiles;56;Aguas de calidad mala, contaminadas;6;Contaminacion incipiente;40;Aguas de calidad mala, contaminadas;6;Contaminacion incipiente;84;Aguas de calidad regular, contaminacion moderada;6;Contaminacion incipiente;47;Aguas de calidad mala, contaminadas;7;Contaminacion moderada;SUSPENDIDO EL MONITOREO;-84.575;11.027;c(-84.575, 11.027)
Reventazon;Rio Taras;C-REV-01;II;2016;2017;TEC;3;5;5;c(506671,898549, 1092705,08678);506672.000000000000000;1092705.000000000000000;Barrio El Caracol;Cartago;Cartago;San Nicolas;17;Aguas de calidad mala, muy contaminadas;7;Contaminacion moderada;10;Aguas de calidad muy mala, extremadamente contaminada;5;Contaminacion incipiente;30;Aguas de calidad mala, muy contaminadas;7;Contaminacion moderada;18;Aguas de calidad mala, muy contaminadas;9;Contaminacion moderada;MONITOREO ACTIVO;-83.939;9.882;c(-83.939, 9.882)
Reventazon;Rio Purires;C-REV-02;II;2016;2017;TEC;2;2;2;c(499318,84782, 1087030,56436);499319.000000000000000;1087031.000000000000000;Tablon;Cartago;Cartago;Guadalupe;147;Aguas de calidad excelente, no contaminadas;5;Contaminacion incipiente;91;Aguas de calidad regular, contaminacion moderada;5;Contaminacion incipiente;172;Aguas de calidad excelente, no contaminadas;3;Sin contaminacion;114;Aguas de calidad excelente, no contaminadas;3;Sin contaminacion;MONITOREO ACTIVO;-84.006;9.831;c(-84.006, 9.831)
Reventazon;Rio Purires;C-REV-03;II;2016;2017;TEC;4;4;4;c(505246, 1087450);505246.000000000000000;1087450.000000000000000;San Isidro de El Guarco;Cartago;El Guarco;San Isidro;39;Aguas de calidad mala, contaminadas;11;Contaminacion severa;75;Aguas de calidad regular, contaminacion moderada;9;Contaminacion moderada;28;Aguas de calidad mala, muy contaminadas;6;Contaminacion incipiente;51;Aguas de calidad mala, contaminadas;10;Contaminacion severa;MONITOREO ACTIVO;-83.952;9.835;c(-83.952, 9.835)
Reventazon;Rio Agua Caliente;C-REV-04;II;2016;2017;TEC;3;4;4;c(514164,196044, 1084516,13619);514164.000000000000000;1084516.000000000000000;Puente Negro;Cartago;Cartago;Dulce Nombre;25;Aguas de calidad mala, muy contaminadas;7;Contaminacion moderada;54;Aguas de calidad mala, contaminadas;7;Contaminacion moderada;66;Aguas de calidad regular, contaminacion moderada;4;Contaminacion incipiente;47;Aguas de calidad mala, contaminadas;8;Contaminacion moderada;MONITOREO ACTIVO;-83.871;9.808;c(-83.871, 9.808)
Reventazon;Rio Grande de Orosi;C-REV-05;II;2016;2017;TEC;2;2;2;c(516802,377274, 1082233,60141);516802.000000000000000;1082234.000000000000000;Palomo;Cartago;Paraiso;Orosi;87;Aguas de calidad regular, contaminacion moderada;5;Contaminacion incipiente;171;Aguas de calidad excelente, no contaminadas;4;Contaminacion incipiente;109;Aguas de calidad excelente, no contaminadas;3;Sin contaminacion;108;Aguas de calidad excelente, no contaminadas;3;Sin contaminacion;MONITOREO ACTIVO;-83.847;9.787;c(-83.847, 9.787)
Reventazon;Rio Pejibaye;C-REV-06;II;2016;2017;TEC;1;2;2;c(534974,928696, 1087583,00351);534975.000000000000000;1087583.000000000000000;Pejibaye;Cartago;Jimenez;Pejibaye;98;Aguas de calidad regular, contaminacion moderada;3;Sin contaminacion;113;Aguas de calidad excelente, no contaminadas;3;Sin contaminacion;116;Aguas de calidad excelente, no contaminadas;3;Sin contaminacion;107;Aguas de calidad excelente, no contaminadas;3;Sin contaminacion;SUSPENDIDO EL MONITOREO;-83.681;9.836;c(-83.681, 9.836)
Reventazon;Rio Atirro;C-REV-07;II;2016;2017;TEC;1;1;1;c(538084,027512, 1087094,59916);538084.000000000000000;1087095.000000000000000;Atirro;Cartago;Turrialba;La Suiza;124;Aguas de calidad excelente, no contaminadas;3;Sin contaminacion;102;Aguas de calidad excelente, no contaminadas;3;Sin contaminacion;159;Aguas de calidad excelente, no contaminadas;3;Sin contaminacion;144;Aguas de calidad excelente, no contaminadas;3;Sin contaminacion;SUSPENDIDO EL MONITOREO;-83.653;9.831;c(-83.653, 9.831)
Reventazon;Rio Tuis;C-REV-08;II;2016;2017;TEC;2;2;2;c(539801, 1091071);539801.000000000000000;1091071.000000000000000;La Suiza;Cartago;Turrialba;La Suiza;120;Aguas de calidad excelente, no contaminadas;3;Sin contaminacion;80;Aguas de calidad regular, contaminacion moderada;4;Contaminacion incipiente;106;Aguas de calidad excelente, no contaminadas;4;Contaminacion incipiente;110;Aguas de calidad excelente, no contaminadas;3;Sin contaminacion;SUSPENDIDO EL MONITOREO;-83.637;9.867;c(-83.637, 9.867)
Reventazon;Quebrada El Colorado;C-REV-09;II;2016;2017;TEC;3;3;3;c(533672,547285, 1096155,50439);533673.000000000000000;1096156.000000000000000;Barrio El Poro;Cartago;Turrialba;Turrialba;117;Aguas de calidad excelente, no contaminadas;6;Contaminacion incipiente;103;Aguas de calidad excelente, no contaminadas;7;Contaminacion moderada;99;Aguas de calidad regular, contaminacion moderada;5;Contaminacion incipiente;59;Aguas de calidad mala, contaminadas;4;Contaminacion incipiente;SUSPENDIDO EL MONITOREO;-83.693;9.913;c(-83.693, 9.913)
Reventazon;Rio Paez;C-REV-10;II;2016;2017;TEC;3;3;3;c(515725,174988, 1088402,94978);515725.000000000000000;1088403.000000000000000;Birrisito;Cartago;Paraiso;Paraiso;43;Aguas de calidad mala, contaminadas;7;Contaminacion moderada;48;Aguas de calidad mala, contaminadas;8;Contaminacion moderada;65;Aguas de calidad regular, contaminacion moderada;6;Contaminacion incipiente;52;Aguas de calidad mala, contaminadas;9;Contaminacion moderada;MONITOREO ACTIVO;-83.857;9.843;c(-83.857, 9.843)
Reventazon;Rio Reventazon;C-REV-11;II;2016;2017;UNA;3;3;3;c(538321, 1094946);538321.000000000000000;1094946.000000000000000;Bajo Chino;Cartago;Turrialba;Turrialba;106;Aguas de calidad excelente, no contaminadas;3;Sin contaminacion;38;Aguas de calidad mala, contaminadas;3;Sin contaminacion;83;Aguas de calidad regular, contaminacion moderada;6;Contaminacion incipiente;49;Aguas de calidad mala, contaminadas;7;Contaminacion moderada;MONITOREO ACTIVO;-83.651;9.902;c(-83.651, 9.902)
Reventazon;Rio Reventazon;C-REV-12;II;2016;2017;UNA;3;4;4;c(551179, 1117583);551179.000000000000000;1117583.000000000000000;Junta;Limon;Siquirres;Cairo;71;Aguas de calidad regular, contaminacion moderada;4;Contaminacion incipiente;30;Aguas de calidad mala, muy contaminadas;3;Sin contaminacion;37;Aguas de calidad mala, contaminadas;4;Contaminacion incipiente;48;Aguas de calidad mala, contaminadas;8;Contaminacion moderada;MONITOREO ACTIVO;-83.533;10.107;c(-83.533, 10.107)
Reventazon;Rio Reventazon;C-REV-13;II;2016;2017;UNA;3;5;5;c(555993, 1125844);555993.000000000000000;1125844.000000000000000;Milla Cinco;Limon;Siquirres;Cairo;32;Aguas de calidad mala, muy contaminadas;4;Contaminacion incipiente;18;Aguas de calidad mala, muy contaminadas;3;Sin contaminacion;7;Aguas de calidad muy mala, extremadamente contaminada;7;Contaminacion moderada;35;Aguas de calidad mala, muy contaminadas;7;Contaminacion moderada;MONITOREO ACTIVO;-83.489;10.181;c(-83.489, 10.181)
San Carlos;Peje (San Carlos);ZN-SAN-01;IV;2018;2019;TEC;3;2;3;c(445595, 1150072);445595.000000000000000;1150072.000000000000000;Quebrada Azul;Alajuela;San Carlos;Florencia;68;Aguas de calidad regular, contaminacion moderada;7;Contaminacion moderada;75;Aguas de calidad regular, contaminacion moderada;4;Contaminacion incipiente;106;Aguas de calidad buena, no contaminadas;3;Sin contaminacion;93;Aguas de calidad regular, contaminacion moderada;3;Sin contaminacion;MONITOREO ACTIVO;-84.497;10.400;c(-84.497, 10.400)
San Carlos;San Carlos;ZN-SAN-02;IV;2018;2019;TEC;3;3;3;c(448391, 1154099);448391.000000000000000;1154099.000000000000000;Platanar;Alajuela;San Carlos;Florencia;46;Aguas de calidad mala, contaminadas;7;Contaminacion moderada;45;Aguas de calidad mala, contaminadas;4;Contaminacion incipiente;40;Aguas de calidad mala, contaminadas;7;Contaminacion moderada;110;Aguas de calidad buena, no contaminadas;4;Contaminacion incipiente;SUSPENDIDO EL MONITOREO;-84.471;10.437;c(-84.471, 10.437)
San Carlos;San Carlos;ZN-SAN-03;IV;2018;2019;TEC;2;5;5;c(447360, 1164091);447360.000000000000000;1164091.000000000000000;Boca Arenal;Alajuela;San Carlos;Cutris;1;Aguas de calidad muy mala, extremadamente contaminada;4;Contaminacion incipiente;55;Aguas de calidad mala, contaminadas;3;Sin contaminacion;59;Aguas de calidad mala, contaminadas;5;Contaminacion incipiente;108;Aguas de calidad buena, no contaminadas;4;Contaminacion incipiente;MONITOREO ACTIVO;-84.481;10.527;c(-84.481, 10.527)
San Carlos;San Carlos;ZN-SAN-04;IV;2018;2019;TEC;2;4;4;c(446170, 1167233);446170.000000000000000;1167233.000000000000000;Terron Colorado;Alajuela;San Carlos;Pocosol;25;Aguas de calidad mala, muy contaminadas;4;Contaminacion incipiente;44;Aguas de calidad mala, contaminadas;3;Sin contaminacion;96;Aguas de calidad regular, contaminacion moderada;6;Contaminacion incipiente;98;Aguas de calidad regular, contaminacion moderada;4;Contaminacion incipiente;SUSPENDIDO EL MONITOREO;-84.492;10.556;c(-84.492, 10.556)
San Carlos;San Carlos;ZN-SAN-05;IV;2018;2019;TEC;2;2;2;c(472597, 1178771);472597.000000000000000;1178771.000000000000000;Boca Tapada;Alajuela;San Carlos;Pital;103;Aguas de calidad buena, no contaminadas;4;Contaminacion incipiente;103;Aguas de calidad buena, no contaminadas;3;Sin contaminacion;100;Aguas de calidad regular, contaminacion moderada;5;Contaminacion incipiente;71;Aguas de calidad regular, contaminacion moderada;3;Sin contaminacion;MONITOREO ACTIVO;-84.250;10.660;c(-84.250, 10.660)
San Carlos;San Carlos;ZN-SAN-06;IV;2018;2019;TEC;2;3;3;c(478588, 1192460);478588.000000000000000;1192460.000000000000000;Boca San Carlos;Alajuela;San Carlos;Pital;42;Aguas de calidad mala, contaminadas;3;Sin contaminacion;57;Aguas de calidad mala, contaminadas;3;Sin contaminacion;106;Aguas de calidad buena, no contaminadas;5;Contaminacion incipiente;50;Aguas de calidad mala, contaminadas;4;Contaminacion incipiente;SUSPENDIDO EL MONITOREO;-84.196;10.784;c(-84.196, 10.784)
Sarapiqui;La Paz;ZN-SAR-01;IV;2018;2019;UNA;3;1;3;c(482052, 1128601);482052.000000000000000;1128601.000000000000000;La Paz;Heredia;Heredia;Varablanca;130;Aguas de calidad excelente;7;Contaminacion moderada;136;Aguas de calidad excelente;5;Contaminacion incipiente;169;Aguas de calidad excelente;6;Contaminacion incipiente;161;Aguas de calidad excelente;3;Sin contaminacion;SUSPENDIDO EL MONITOREO;-84.164;10.207;c(-84.164, 10.207)
Sarapiqui;Cariblanco;ZN-SAR-02;IV;2018;2019;UNA;3;1;3;c(479928, 1135348);479928.000000000000000;1135348.000000000000000;Cariblanco;Heredia;Heredia;Varablanca;153;Aguas de calidad excelente;8;Contaminacion moderada;148;Aguas de calidad excelente;4;Contaminacion incipiente;183;Aguas de calidad excelente;6;Contaminacion incipiente;168;Aguas de calidad excelente;7;Contaminacion moderada;MONITOREO ACTIVO;-84.183;10.268;c(-84.183, 10.268)
Sarapiqui;Puerto Viejo;ZN-SAR-03;IV;2018;2019;UNA;3;3;3;c(499537, 1153320);499537.000000000000000;1153320.000000000000000;Puerto Viejo;Heredia;Sarapiqui;Puerto Viejo;73;Aguas de calidad regular, contaminacion moderada;;;;;;;;;;;;;;;;;;c(, )
;7;Contaminacion moderada;43;Aguas de calidad mala;" contaminadas""";3;Sin contaminacion;50;Aguas de calidad mala, contaminadas;4;Contaminacion incipiente;37;Aguas de calidad excelente;3;Sin contaminacion;MONITOREO ACTIVO;-84.004;10.430;;;;;;;;;;;;;;;;;;c(, )
Sarapiqui;Sarapiqui;ZN-SAR-04;IV;2018;2019;UNA;3;3;3;c(498841, 1155364);498841.000000000000000;1155364.000000000000000;Sarapiqui;Heredia;Sarapiqui;Puerto Viejo;85;Aguas de calidad regular, contaminacion moderada;;;;;;;;;;;;;;;;;;c(, )
;8;Contaminacion moderada;59;Aguas de calidad mala;" contaminadas""";4;Contaminacion incipiente;20;Aguas de calidad mala, muy contaminadas;7;Contaminacion moderada;60;Aguas de calidad mala, contaminadas;7;Contaminacion moderada;MONITOREO ACTIVO;-84.011;10.449;;;;;;;;;;;;;;;;;;c(, )
Sarapiqui;Sarapiqui;ZN-SAR-05;IV;2018;2019;UNA;3;;3;c(499819, 1173656);499819.000000000000000;1173656.000000000000000;Sarapiqui;Heredia;Sarapiqui;Puerto Viejo;N/A;;7;Contaminacion moderada;N/A;;4;Contaminacion incipiente;N/A;;4;Contaminacion incipiente;N/A;;7;Contaminacion moderada;MONITOREO ACTIVO;-84.002;10.614;c(-84.002, 10.614)
Sarapiqui;Toro;ZN-SAR-06;IV;2018;2019;UNA;3;4;4;c(493786, 1173389);493786.000000000000000;1173389.000000000000000;Toro;Heredia;Sarapiqui;Puerto Viejo;58;Aguas de calidad mala, contaminadas;4;Contaminacion incipiente;25;Aguas de calidad mala, muy contaminadas;3;Sin contaminacion;53;Aguas de calidad mala, contaminadas;4;Contaminacion incipiente;28;Aguas de calidad mala, muy contaminadas;8;Contaminacion moderada;MONITOREO ACTIVO;-84.057;10.612;c(-84.057, 10.612)
Savegre;Rio Savegre;PC-SAV-01;I;2015;2016;UCR;2;1;2;c(521483,65459896, 1056755,41216223);521484.000000000000000;1056755.000000000000000;En Trogon Lodge;San Jose;Dota;Copey;N/A;N/A;N/A;N/A;N/A;N/A;N/A;N/A;102;Aguas de calidad excelente, no contaminadas;4;Contaminacion incipiente;113;Aguas de calidad excelente, no contaminadas;4;Contaminacion incipiente;MONITOREO ACTIVO;-83.804;9.557;c(-83.804, 9.557)
Savegre;Rio Savegre;PC-SAV-02;I;2015;2016;UCR;2;3;3;c(520292,878679623, 1055374,19153031);520293.000000000000000;1055374.000000000000000;En Truchas Reales;San Jose;Dota;Copey;N/A;N/A;N/A;N/A;N/A;N/A;N/A;N/A;66;Aguas de calidad regular, contaminacion moderada;5;Contaminacion incipiente;51;Aguas de calidad mala, contaminadas;5;Contaminacion incipiente;MONITOREO ACTIVO;-83.815;9.545;c(-83.815, 9.545)
Savegre;Rio Savegre;PC-SAV-03;I;2015;2016;UNA;2;1;2;c(504072, 1043116);504072.000000000000000;1043116.000000000000000;Brujo;Copey;Dota;San Jose;N/A;N/A;N/A;N/A;N/A;N/A;N/A;N/A;121;Aguas de calidad excelente, no contaminadas;3;Sin contaminacion;128;Aguas de calidad excelente, no contaminadas;4;Contaminacion incipiente;MONITOREO ACTIVO;-83.963;9.434;c(-83.963, 9.434)
Savegre;Rio Savegre;PC-SAV-04;I;2015;2016;UNA;2;2;2;c(495894, 1037499);495894.000000000000000;1037499.000000000000000;Savegre;Puntarenas;Aguirre;Savegre;N/A;N/A;N/A;N/A;N/A;N/A;N/A;N/A;117;Aguas de calidad excelente, no contaminadas;4;Contaminacion incipiente;83;Aguas de calidad regular, contaminacion moderada;4;Contaminacion incipiente;MONITOREO ACTIVO;-84.037;9.383;c(-84.037, 9.383)
Savegre;Rio Division;PC-SAV-05;I;2015;2016;UCR;2;1;2;c(526377,505824732, 1049216,87408997);526378.000000000000000;1049217.000000000000000;En Santa Eduviges;San Jose;Perez Zeledon;Paramo;N/A;N/A;N/A;N/A;N/A;N/A;N/A;N/A;184;Aguas de calidad excelente, no contaminadas;4;Contaminacion incipiente;168;Aguas de calidad excelente, no contaminadas;4;Contaminacion incipiente;MONITOREO ACTIVO;-83.760;9.489;c(-83.760, 9.489)
Savegre;Rio Savegre;PC-SAV-06;I;2015;2016;UCR;2;2;2;c(495005,17093936, 1041790,35121131);495005.000000000000000;1041790.000000000000000;Asentamiento Savegre;Puntarenas;Aguirre;Naranjito;N/A;N/A;N/A;N/A;N/A;N/A;N/A;N/A;129;Aguas de calidad excelente, no contaminadas;4;Contaminacion incipiente;77;Aguas de calidad regular, contaminacion moderada;3;Sin contaminacion;SUSPENDIDO EL MONITOREO;-84.045;9.422;c(-84.045, 9.422)
Sixaola;Rio Sixaola;C-SIX-01;II;2016;2017;TEC;1;3;3;c(624974,128095, 1062379,17001);624974.000000000000000;1062379.000000000000000;Rio Rocoso;Limon;Talamanca;Bratsi;55;Aguas de calidad mala, contaminadas;3;Sin contaminacion;64;Aguas de calidad regular, contaminacion moderada;3;Sin contaminacion;92;Aguas de calidad regular, contaminacion moderada;3;Sin contaminacion;81;Aguas de calidad regular, contaminacion moderada;3;Sin contaminacion;MONITOREO ACTIVO;-82.861;9.606;c(-82.861, 9.606)
Sixaola;Rio Sixaola;C-SIX-02;II;2016;2017;TEC;2;3;3;c(624971,398124, 1060351,15711);624971.000000000000000;1060351.000000000000000;Sand Box;Limon;Talamanca;Bratsi;90;Aguas de calidad regular, contaminacion moderada;4;Contaminacion incipiente;98;Aguas de calidad regular, contaminacion moderada;3;Sin contaminacion;58;Aguas de calidad mala, contaminadas;3;Sin contaminacion;71;Aguas de calidad regular, contaminacion moderada;3;Sin contaminacion;MONITOREO ACTIVO;-82.862;9.588;c(-82.862, 9.588)
Sixaola;Rio Sixaola;C-SIX-03;II;2016;2017;TEC;2;5;5;c(652225,831052, 1050611,64725);652226.000000000000000;1050612.000000000000000;Puente Limitrofe;Limon;Talamanca;Sixaola;45;Aguas de calidad mala, contaminadas;4;Contaminacion incipiente;36;Aguas de calidad mala, contaminadas;4;Contaminacion incipiente;14;Aguas de calidad muy mala, extremadamente contaminada;4;Contaminacion incipiente;43;Aguas de calidad mala, contaminadas;4;Contaminacion incipiente;MONITOREO ACTIVO;-82.614;9.499;c(-82.614, 9.499)
Tarcoles;Rio Virilla;PC-TAR-01;I;2015;2016;UNA;1;1;1;c(505940, 1104290);505940.000000000000000;1104290.000000000000000;Las Nubes;San Jose;Vasquez de Coronado;Cascajal;N/A;N/A;N/A;N/A;N/A;N/A;N/A;N/A;129;Aguas de calidad excelente, no contaminadas;3;Sin contaminacion;141;Aguas de calidad excelente, no contaminadas;3;Sin contaminacion;MONITOREO ACTIVO;-83.946;9.987;c(-83.946, 9.987)
Tarcoles;Rio Virilla;PC-TAR-02;I;2015;2016;UNA;1;2;2;c(499343, 1103594);499343.000000000000000;1103594.000000000000000;Toma del AyA;San Jose;Vasquez de Coronado;San Isidro;N/A;N/A;N/A;N/A;N/A;N/A;N/A;N/A;96;Aguas de calidad regular, contaminacion moderada;3;Sin contaminacion;100;Aguas de calidad regular, contaminacion moderada;3;Sin contaminacion;MONITOREO ACTIVO;-84.006;9.981;c(-84.006, 9.981)
Tarcoles;Rio Virilla;PC-TAR-03;I;2015;2016;UNA;2;4;4;c(491495, 1102221);491495.000000000000000;1102221.000000000000000;Tibas-Estadio Saprissa;San Jose;Tibas;San Juan;N/A;N/A;N/A;N/A;N/A;N/A;N/A;N/A;30;Aguas de calidad mala, muy contaminadas;5;Contaminacion incipiente;65;Aguas de calidad regular, contaminacion moderada;3;Sin contaminacion;MONITOREO ACTIVO;-84.078;9.968;c(-84.078, 9.968)
Tarcoles;Rio Virilla;PC-TAR-04;I;2015;2016;UNA;4;4;4;c(480338, 1102283);480338.000000000000000;1102283.000000000000000;Pedregal;San Rafael;Escazu;San Jose;N/A;N/A;N/A;N/A;N/A;N/A;N/A;N/A;26;Aguas de calidad mala, muy contaminadas;11;Contaminacion severa;17;Aguas de calidad mala, muy contaminadas;11;Contaminacion severa;MONITOREO ACTIVO;-84.179;9.969;c(-84.179, 9.969)
Tarcoles;Rio Virilla;PC-TAR-05;I;2015;2016;UNA;3;5;5;c(470780, 1098167);470780.000000000000000;1098167.000000000000000;Por la Guacima;Guacima;Alajuela;Alajuela;N/A;N/A;N/A;N/A;N/A;N/A;N/A;N/A;39;Aguas de calidad mala, contaminadas;8;Contaminacion moderada;12;Aguas de calidad muy mala, extremadamente contaminada;9;Contaminacion moderada;SUSPENDIDO EL MONITOREO;-84.266;9.931;c(-84.266, 9.931)
Tarcoles;Rio Tarcoles;PC-TAR-06;I;2015;2016;UNA;3;3;3;c(450165, 1097109);450165.000000000000000;1097109.000000000000000;Hidrotarcoles;Escobal;Atenas;Alajuela;N/A;N/A;N/A;N/A;N/A;N/A;N/A;N/A;36;Aguas de calidad mala, contaminadas;4;Contaminacion incipiente;58;Aguas de calidad mala, contaminadas;7;Contaminacion moderada;MONITOREO ACTIVO;-84.454;9.922;c(-84.454, 9.922)
Tarcoles;Rio Grande;PC-TAR-07;I;2015;2016;UNA;2;1;2;c(461417, 1102524);461417.000000000000000;1102524.000000000000000;El Tajo;Alajuela;Atenas;Concepcion;N/A;N/A;N/A;N/A;N/A;N/A;N/A;N/A;105;Aguas de calidad excelente, no contaminadas;5;Contaminacion incipiente;129;Aguas de calidad excelente, no contaminadas;4;Contaminacion incipiente;MONITOREO ACTIVO;-84.352;9.971;c(-84.352, 9.971)
Tarcoles;Rio Tarcoles;PC-TAR-08;I;2015;2016;UNA;2;3;3;c(442305, 1092780);442305.000000000000000;1092780.000000000000000;Tajo Traesa;Alajuela;Orotina;Orotina;N/A;N/A;N/A;N/A;N/A;N/A;N/A;N/A;60;Aguas de calidad mala, contaminadas;3;Sin contaminacion;72;Aguas de calidad regular, contaminacion moderada;4;Contaminacion incipiente;MONITOREO ACTIVO;-84.526;9.882;c(-84.526, 9.882)
Tempisque;Tempisquito;PN-TEM-01;III;2017;2018;UNA;3;2;3;c(331594, 1196861);331594.000000000000000;1196861.000000000000000;Hacienda Potrerillos;Guanacaste;Liberia;Liberia;63;Aguas de calidad regular, contaminacion moderada;5;Contaminacion incipiente;75;Aguas de calidad regular, contaminacion moderada;4;Contaminacion incipiente;103;Aguas de calidad excelente, no contaminadas;6;Contaminacion incipiente;85;Aguas de calidad regular, contaminacion moderada;7;Contaminacion moderada;MONITOREO ACTIVO;-85.540;10.820;c(-85.540, 10.820)
Tempisque;Ahogados;PN-TEM-02;III;2017;2018;UNA;3;1;3;c(341394, 1198407);341394.000000000000000;1198407.000000000000000;Finca San Emilio;Guanacaste;Liberia;Liberia;N/A;N/A;7;Contaminacion moderada;161;Aguas de calidad excelente, no contaminadas;3;Sin contaminacion;197;Aguas de calidad excelente, no contaminadas;5;Contaminacion incipiente;191;Aguas de calidad excelente, no contaminadas;5;Contaminacion incipiente;MONITOREO ACTIVO;-85.450;10.834;c(-85.450, 10.834)
Tempisque;Colorado;PN-TEM-03;III;2017;2018;UNA;2;2;2;c(329305, 1176957);329305.000000000000000;1176957.000000000000000;Potrerillos;Guanacaste;Liberia;Liberia;127;Aguas de calidad excelente, no contaminadas;3;Sin contaminacion;94;Aguas de calidad regular, contaminacion moderada;5;Contaminacion incipiente;185;Aguas de calidad excelente, no contaminadas;4;Contaminacion incipiente;169;Aguas de calidad excelente, no contaminadas;6;Contaminacion incipiente;MONITOREO ACTIVO;-85.560;10.640;c(-85.560, 10.640)
Tempisque;Liberia;PN-TEM-04;III;2017;2018;UNA;2;1;2;c(344627, 1176883);344627.000000000000000;1176883.000000000000000;Moracia;Guanacaste;Liberia;Liberia;104;Aguas de calidad excelente, no contaminadas;6;Contaminacion incipiente;119;Aguas de calidad excelente, no contaminadas;4;Contaminacion incipiente;139;Aguas de calidad excelente, no contaminadas;4;Contaminacion incipiente;133;Aguas de calidad excelente, no contaminadas;5;Contaminacion incipiente;MONITOREO ACTIVO;-85.420;10.640;c(-85.420, 10.640)
Tempisque;Tempisque;PN-TEM-05;III;2017;2018;UNA;2;3;3;c(328127, 1160366);328127.000000000000000;1160366.000000000000000;Paso Tempisque;Guanacaste;Carrillo;Filadelfia;45;Aguas de calidad mala, contaminadas;4;Contaminacion incipiente;44;Aguas de calidad mala, contaminadas;3;Sin contaminacion;76;Aguas de calidad regular, contaminacion moderada;5;Contaminacion incipiente;105;Aguas de calidad excelente, no contaminadas;5;Contaminacion incipiente;MONITOREO ACTIVO;-85.570;10.490;c(-85.570, 10.490)
Tempisque;Tempisque;PN-TEM-06;III;2017;2018;UNA;2;3;3;c(331385, 1154818);331385.000000000000000;1154818.000000000000000;Finca La Providencia;Guanacaste;Carrillo;Filadelfia;54;Aguas de calidad mala, contaminadas;5;Contaminacion incipiente;N/A;N/A;3;Sin contaminacion;N/A;N/A;5;Contaminacion incipiente;N/A;N/A;6;Contaminacion incipiente;SUSPENDIDO EL MONITOREO;-85.540;10.440;c(-85.540, 10.440)
Tempisque;Tempisque;PN-TEM-07;III;2017;2018;UNA;2;3;3;c(346688, 1148109);346688.000000000000000;1148109.000000000000000;Paso Coyol;Guanacaste;Santa Cruz;Bolson;55;Aguas de calidad mala, contaminadas;5;Contaminacion incipiente;42;Aguas de calidad mala, contaminadas;4;Contaminacion incipiente;44;Aguas de calidad mala, contaminadas;4;Contaminacion incipiente;N/A;N/A;8;Contaminacion moderada;MONITOREO ACTIVO;-85.400;10.380;c(-85.400, 10.380)
Tempisque;Bolson;PN-TEM-08;III;2017;2018;UNA;4;3;4;c(340111, 1147032);340111.000000000000000;1147032.000000000000000;Paso Camaronal;Guanacaste;Santa Cruz;Bolson;48;Aguas de calidad mala, contaminadas;5;Contaminacion incipiente;39;Aguas de calidad mala, contaminadas;4;Contaminacion incipiente;74;Aguas de calidad regular, contaminacion moderada;6;Contaminacion incipiente;38;Aguas de calidad mala, contaminadas;12;Contaminacion severa;MONITOREO ACTIVO;-85.460;10.370;c(-85.460, 10.370)
Tempisque;Diria;PN-TEM-09;III;2017;2018;UNA;1;2;2;c(325936, 1135312);325936.000000000000000;1135312.000000000000000;Santa Cruz;Guanacaste;Santa Cruz;Diria;102;Aguas de calidad excelente, no contaminadas;3;Sin contaminacion;67;Aguas de calidad regular, contaminacion moderada;3;Sin contaminacion;154;Aguas de calidad excelente, no contaminadas;5;Contaminacion incipiente;95;Aguas de calidad regular, contaminacion moderada;6;Contaminacion incipiente;MONITOREO ACTIVO;-85.589;10.263;c(-85.589, 10.263)
Tempisque;Can/as;PN-TEM-10;III;2017;2018;UNA;4;4;4;c(328051, 1144877);328051.000000000000000;1144877.000000000000000;Rio Can/as Viejo;Guanacaste;Santa Cruz;Diria;68;Aguas de calidad regular, contaminacion moderada;7;Contaminacion moderada;44;Aguas de calidad mala, contaminadas;6;Contaminacion incipiente;18;Aguas de calidad mala, muy contaminadas;7;Contaminacion moderada;39;Aguas de calidad mala, contaminadas;10;Contaminacion severa;MONITOREO ACTIVO;-85.570;10.350;c(-85.570, 10.350)
Tempisque;Can/as;PN-TEM-11;III;2017;2018;UNA;3;3;3;c(318168, 1140501);318168.000000000000000;1140501.000000000000000;Las Playas;Guanacaste;Santa Cruz;Diria;52;Aguas de calidad mala, contaminadas;5;Contaminacion incipiente;69;Aguas de calidad regular, contaminacion moderada;5;Contaminacion incipiente;56;Aguas de calidad mala, contaminadas;4;Contaminacion incipiente;64;Aguas de calidad regular, contaminacion moderada;8;Contaminacion moderada;MONITOREO ACTIVO;-85.660;10.310;c(-85.660, 10.310)
Tortuguero;Rio Tortuguero;C-TOR-01;II;2016;2017;UCR;2;1;2;c(520825,422259438, 1130420,88079227);520825.000000000000000;1130421.000000000000000;Colonia;Limon;Pococi;Guapiles;135;Aguas de calidad excelente, no contaminadas;4;Contaminacion incipiente;134;Aguas de calidad excelente, no contaminadas;4;Contaminacion incipiente;151;Aguas de calidad excelente, no contaminadas;4;Contaminacion incipiente;142;Aguas de calidad excelente, no contaminadas;4;Contaminacion incipiente;MONITOREO ACTIVO;-83.810;10.223;c(-83.810, 10.223)
Tortuguero;Rio San Rafael;C-TOR-02;II;2016;2017;UCR;2;1;2;c(521255,62175537, 1128763,54850037);521256.000000000000000;1128764.000000000000000;San Rafael;Limon;Pococi;Guapiles;118;Aguas de calidad excelente, no contaminadas;5;Contaminacion incipiente;138;Aguas de calidad excelente, no contaminadas;4;Contaminacion incipiente;0;;0;;152;Aguas de calidad excelente, no contaminadas;4;Contaminacion incipiente;MONITOREO ACTIVO;-83.806;10.208;c(-83.806, 10.208)
Tortuguero;Quebrada Bejuco;C-TOR-03;II;2016;2017;UCR;2;1;2;c(523998,055643953, 1137805,96375966);523998.000000000000000;1137806.000000000000000;Rio Tortuguero, Quebrada Bejuco, Peligro;Limon;Pococi;Rita;166;Aguas de calidad excelente, no contaminadas;4;Contaminacion incipiente;121;Aguas de calidad excelente, no contaminadas;4;Contaminacion incipiente;165;Aguas de calidad excelente, no contaminadas;4;Contaminacion incipiente;144;Aguas de calidad excelente, no contaminadas;4;Contaminacion incipiente;MONITOREO ACTIVO;-83.781;10.290;c(-83.781, 10.290)
Tortuguero;Rio Tortuguero;C-TOR-04;II;2016;2017;UCR;2;2;2;c(534432,409083334, 1147242,26689812);534432.000000000000000;1147242.000000000000000;Bananera Cariari;;;;;;;;;;;;;;;;;;;;;;;c(, )
Tortuguero;Rio Tortuguero;C-TOR-05;II;2016;2017;UCR;2;1;2;c(536063,470439589, 1149276,41992381);536063.000000000000000;1149276.000000000000000;Las Vegas de Tortuguero;Limon;Pococi;Cariari;130;Aguas de calidad excelente, no contaminadas;4;Contaminacion incipiente;122;Aguas de calidad excelente, no contaminadas;4;Contaminacion incipiente;118;Aguas de calidad excelente, no contaminadas;4;Contaminacion incipiente;121;Aguas de calidad excelente, no contaminadas;4;Contaminacion incipiente;MONITOREO ACTIVO;-83.671;10.393;c(-83.671, 10.393)
Tusubres;Rio Agujas;PC-TUS-01;I;2015;2016;TEC;2;2;2;c(430273,243809, 1074424,88546);430273.000000000000000;1074425.000000000000000;Playa Hermosa;Puntarenas;Garabito;Tarcoles;134;Aguas de calidad excelente, no contaminadas;3;Sin contaminacion;79;Aguas de calidad regular, contaminacion moderada;3;Sin contaminacion;146;Aguas de calidad excelente, no contaminadas;3;Sin contaminacion;74;Aguas de calidad regular, contaminacion moderada;4;Contaminacion incipiente;MONITOREO ACTIVO;-84.635;9.716;c(-84.635, 9.716)
Tusubres;Rio Copey;PC-TUS-02;I;2015;2016;TEC;3;4;4;c(431757,387079, 1064259,12388);431757.000000000000000;1064259.000000000000000;Barrio El Copey;Puntarenas;Garabito;Jaco;81;Aguas de calidad regular, contaminacion moderada;4;Contaminacion incipiente;33;Aguas de calidad mala, muy contaminadas;7;Contaminacion moderada;82;Aguas de calidad regular, contaminacion moderada;4;Contaminacion incipiente;102;Aguas de calidad excelente, no contaminadas;4;Contaminacion incipiente;MONITOREO ACTIVO;-84.622;9.624;c(-84.622, 9.624)
Tusubres;Rio Turrubaritos;PC-TUS-03;I;2015;2016;TEC;3;3;3;c(442810,119445, 1064762,9663);442810.000000000000000;1064763.000000000000000;Montelimar;Alajuela;Turrubares;Carara;108;Aguas de calidad excelente, no contaminadas;3;Sin contaminacion;50;Aguas de calidad mala, contaminadas;7;Contaminacion moderada;147;Aguas de calidad excelente, no contaminadas;4;Contaminacion incipiente;140;Aguas de calidad excelente, no contaminadas;5;Contaminacion incipiente;MONITOREO ACTIVO;-84.521;9.629;c(-84.521, 9.629)
Tusubres;Rio Tulin;PC-TUS-04;I;2015;2016;TEC;2;2;2;c(446879,247857, 1064096,47894);446879.000000000000000;1064096.000000000000000;Bajo Vega;San Jose;Puriscal;Chires;100;Aguas de calidad regular, contaminacion moderada;3;Sin contaminacion;91;Aguas de calidad regular, contaminacion moderada;3;Sin contaminacion;142;Aguas de calidad excelente, no contaminadas;3;Sin contaminacion;147;Aguas de calidad excelente, no contaminadas;4;Contaminacion incipiente;SUSPENDIDO EL MONITOREO;-84.484;9.623;c(-84.484, 9.623)
Tusubres;Rio Tulin;PC-TUS-05;I;2015;2016;TEC;2;2;2;c(442562,972023, 1058628,18446);442563.000000000000000;1058628.000000000000000;Fila San Julian;Puntarenas;Parrita;Parrita;68;Aguas de calidad regular, contaminacion moderada;3;Sin contaminacion;70;Aguas de calidad regular, contaminacion moderada;3;Sin contaminacion;82;Aguas de calidad regular, contaminacion moderada;5;Contaminacion incipiente;105;Aguas de calidad excelente, no contaminadas;4;Contaminacion incipiente;MONITOREO ACTIVO;-84.523;9.574;c(-84.523, 9.574)
Tusubres;Rio Tusubres;PC-TUS-06;I;2015;2016;TEC;3;2;3;c(441800,765476, 1058696,93795);441801.000000000000000;1058697.000000000000000;Tusubres;Puntarenas;Parrita;Parrita;81;Aguas de calidad regular, contaminacion moderada;3;Sin contaminacion;85;Aguas de calidad regular, contaminacion moderada;8;Contaminacion moderada;110;Aguas de calidad excelente, no contaminadas;4;Contaminacion incipiente;100;Aguas de calidad regular, contaminacion moderada;4;Contaminacion incipiente;MONITOREO ACTIVO;-84.530;9.574;c(-84.530, 9.574)
Tusubres;Rio Tulin;PC-TUS-07;I;2015;2016;TEC;2;1;2;c(454785,456652, 1059634,61586);454785.000000000000000;1059635.000000000000000;Guapinol;San Jose;Puriscal;Chires;121;Aguas de calidad excelente, no contaminadas;4;Contaminacion incipiente;134;Aguas de calidad excelente, no contaminadas;3;Sin contaminacion;153;Aguas de calidad excelente, no contaminadas;4;Contaminacion incipiente;116;Aguas de calidad excelente, no contaminadas;4;Contaminacion incipiente;SUSPENDIDO EL MONITOREO;-84.412;9.583;c(-84.412, 9.583)
Tusubres;Rio Chires;PC-TUS-08;I;2015;2016;TEC;1;2;2;c(458077,777731, 1069925,53438);458078.000000000000000;1069926.000000000000000;Mastatal;San Jose;Puriscal;Chires;96;Aguas de calidad regular, contaminacion moderada;3;Sin contaminacion;102;Aguas de calidad excelente, no contaminadas;3;Sin contaminacion;207;Aguas de calidad excelente, no contaminadas;3;Sin contaminacion;168;Aguas de calidad excelente, no contaminadas;3;Sin contaminacion;MONITOREO ACTIVO;-84.382;9.676;c(-84.382, 9.676)
