Cuenca;Cuerpo de Agua;Código;Fase;AÑO INICIO;AÑO FINAL;Responsable del muestreo;Clase: Indice Holandes;Clase: Indice BMWP-CR;Clasificación del tramo del CA;Longitud (CRTM05);Latitud (CRTM05);Sitio de Muestreo;Provincia;Cantón;Distrito;BMWP-Estación lluviosa (Octubre);Interpretación;Holandés-Estación lluviosa (Noviembre);Interpretación;BMWP-Lluviosa-Seca (Febrero);Interpretación;Holandés-Lluviosa-Seca (Mayo);Interpretación;BMWP-Seca;Interpretación;Holandés-Seca;Interpretación;BMWP-Seca-Lluviosa;Interpretación;Holandés-Seca-Lluviosa;Interpretación;ESTADO ACTUAL
Abangares;Gongolona;PN-ABA-01;III;2017;2018;UCR;2;1;2;400869;1140316;Gongolona;Guanacaste;Abangares;San Juan;158;Aguas de calidad excelente, no contaminadas;4;Contaminación incipiente;162;Aguas de calidad excelente, no contaminadas;3;Sin contaminación;230;Aguas de calidad excelente, no contaminadas;4;Contaminación incipiente;198;Aguas de calidad excelente, no contaminadas;4;Contaminación incipiente;MONITOREO ACTIVO
Abangares;Abangares;PN-ABA-02;III;2017;2018;UCR;2;1;2;398848;1137201;Sierra;Guanacaste;Abangares;Sierra;141;Aguas de calidad excelente, no contaminadas;4;Contaminación incipiente;193;Aguas de calidad excelente, no contaminadas;4;Contaminación incipiente;197;Aguas de calidad excelente, no contaminadas;4;Contaminación incipiente;221;Aguas de calidad excelente, no contaminadas;4;Contaminación incipiente;MONITOREO ACTIVO
Abangares;Abangares;PN-ABA-03;III;2017;2018;UCR;2;1;2;393838;1136986;Paso Ancho;Guanacaste;Abangares;Las Juntas;108;Aguas de calidad excelente, no contaminadas;3;Sin contaminación;125;Aguas de calidad excelente, no contaminadas;3;Sin contaminación;165;Aguas de calidad excelente, no contaminadas;3;Sin contaminación;177;Aguas de calidad excelente, no contaminadas;4;Contaminación incipiente;MONITOREO ACTIVO
Abangares;Abangares;PN-ABA-04;III;2017;2018;UCR;2;1;2;390196;1135715;Limonal Viejo;Guanacaste;Abangares;Las Juntas;172;Aguas de calidad excelente, no contaminadas;3;Sin contaminación;166;Aguas de calidad excelente, no contaminadas;3;Sin contaminación;173;Aguas de calidad excelente, no contaminadas;4;Contaminación incipiente;150;Aguas de calidad excelente, no contaminadas;4;Contaminación incipiente;SUSPENDIDO EL MONITOREO
Abangares;Abangares;PN-ABA-05;III;2017;2018;UCR;2;1;2;386965;1130793;Las Huacas;Guanacaste;Abangares;Las Juntas;145;Aguas de calidad excelente, no contaminadas;4;Contaminación incipiente;144;Aguas de calidad excelente, no contaminadas;4;Contaminación incipiente;168;Aguas de calidad excelente, no contaminadas;4;Contaminación incipiente;201;Aguas de calidad excelente, no contaminadas;4;Contaminación incipiente;MONITOREO ACTIVO
Abangares;Abangares;PN-ABA-06;III;2017;2018;UCR;2;1;2;386110;1126878;Higuerilla;Guanacaste;Abangares;Colorado;169;Aguas de calidad excelente, no contaminadas;4;Contaminación incipiente;115;Aguas de calidad excelente, no contaminadas;4;Contaminación incipiente;198;Aguas de calidad excelente, no contaminadas;3;Sin contaminación;162;Aguas de calidad excelente, no contaminadas;3;Sin contaminación;SUSPENDIDO EL MONITOREO
Abangares;Abangares;PN-ABA-07;III;2017;2018;UCR;2;4;4;386127;1123543;Abangaritos;Puntarenas;Puntarenas;Manzanillo;33;Aguas de calidad mala, muy contaminadas;4;Contaminación incipiente;81;Aguas de calidad regular, contaminación moderada;4;Contaminación incipiente;126;Aguas de calidad excelente, no contaminadas;4;Contaminación incipiente;163;Aguas de calidad excelente, no contaminadas;4;Contaminación incipiente;MONITOREO ACTIVO
Bananito;Río Vizcaya;C-BAN-01;II;2016;2017;UCR;2;2;2;606552;1095139;Las Brisas de Kent;Limón;Limón;Matama;87;Aguas de calidad regular, contaminación moderada;5;Contaminación incipiente;96;Aguas de calidad regular, contaminación moderada;4;Contaminación incipiente;155;Aguas de calidad excelente, no contaminadas;3;Sin contaminación;120;Aguas de calidad excelente, no contaminadas;3;Sin contaminación;MONITOREO ACTIVO
Bananito;Río Bananito;C-BAN-02;II;2016;2017;UCR;2;2;2;608828;1092271;Aguas arriba del puente ferroviario en Bananito Sur;Limón;Limón;Matama;69;Aguas de calidad regular, contaminación moderada;5;Contaminación incipiente;135;Aguas de calidad excelente, no contaminadas;4;Contaminación incipiente;111;Aguas de calidad excelente, no contaminadas;4;Contaminación incipiente;130;Aguas de calidad excelente, no contaminadas;4;Contaminación incipiente;MONITOREO ACTIVO
Bananito;Río Bananito;C-BAN-03;II;2016;2017;UCR;2;3;3;611005;1094210;El Hueco;Limón;Limón;Matama;40;Aguas de calidad mala, contaminadas;6;Contaminación incipiente;36;Aguas de calidad mala, contaminadas;4;Contaminación incipiente;57;Aguas de calidad mala, contaminadas;6;Contaminación incipiente;37;Aguas de calidad mala, contaminadas;4;Contaminación incipiente;MONITOREO ACTIVO
Bananito;Río Congria;C-BAN-04;II;2016;2017;UCR;3;3;3;615309;1089460;Hotel El Colono;Limón;Limón;Matama;100;Aguas de calidad regular, contaminación moderada;9;Contaminación moderada;45;Aguas de calidad mala, contaminadas;5;Contaminación incipiente;80;Aguas de calidad regular, contaminación moderada;6;Contaminación incipiente;40;Aguas de calidad mala, contaminadas;8;Contaminación moderada;SUSPENDIDO EL MONITOREO
Banano;Río Banano;C-BAN-01;II;2016;2017;UCR;2;2;2;600426;1096343;"Un kilómetro aguas abajo de la Bananera Asunción ""La Bomba""";Limón;Limón;Matama;116;Aguas de calidad excelente, no contaminadas;3;Sin contaminación;129;Aguas de calidad excelente, no contaminadas;3;Sin contaminación;92;Aguas de calidad regular, contaminación moderada;4;Contaminación incipiente;113;Aguas de calidad excelente, no contaminadas;3;Sin contaminación;MONITOREO ACTIVO
Banano;Río Banano;C-BANANO-02;II;2016;2017;UCR;2;3;3;607647;1096504;Beverly;Limón;Limón;Matama;94;Aguas de calidad regular, contaminación moderada;5;Contaminación incipiente;42;Aguas de calidad mala, contaminadas;3;Sin contaminación;61;Aguas de calidad regular, contaminación moderada;4;Contaminación incipiente;83;Aguas de calidad regular, contaminación moderada;4;Contaminación incipiente;MONITOREO ACTIVO
Barranca;La Cabra ;PN-BAR-01;III;2017;2018;TEC;2;2;2;435084;1119313;Piedades Sur;Alajuela;San Ramón;Piedades Sur;88;Aguas de calidad regular, contaminación moderada;4;Contaminación incipiente;83;Aguas de calidad regular, contaminación moderada;3;Sin contaminación;158;Aguas de calidad excelente, no contaminadas;3;Sin contaminación;N/A;N/A;N/A;N/A;SUSPENDIDO EL MONITOREO
Barranca;Barranquilla ;PN-BAR-02;III;2017;2018;TEC;1;2;2;431170;1116259;Piedades Sur;Alajuela;San Ramón;Piedades Sur;126;Aguas de calidad excelente, no contaminadas;3;Sin contaminación;76;Aguas de calidad regular, contaminación moderada;3;Sin contaminación;128;Aguas de calidad excelente, no contaminadas;3;Sin contaminación;128;Aguas de calidad excelente, no contaminadas;3;Sin contaminación;MONITOREO ACTIVO
Barranca;Jabonal ;PN-BAR-03;III;2017;2018;TEC;2;3;3;429923;1114448;Carrera Nueva;Alajuela;San Ramón;Zapotal;165;Aguas de calidad excelente, no contaminadas;3;Sin contaminación;37;Aguas de calidad mala, contaminadas;3;Sin contaminación;155;Aguas de calidad excelente, no contaminadas;6;Contaminación incipiente;134;Aguas de calidad excelente, no contaminadas;3;Sin contaminación;MONITOREO ACTIVO
Barranca;Barranca;PN-BAR-04;III;2017;2018;TEC;1;3;3;459288;1123742;Cirri Sur;Alajuela;Naranjo;Cirrí Sur;45;Aguas de calidad mala, contaminadas;3;Sin contaminación;77;Aguas de calidad regular, contaminación moderada;3;Sin contaminación;121;Aguas de calidad excelente, no contaminadas;3;Sin contaminación;138;Aguas de calidad excelente, no contaminadas;3;Sin contaminación;MONITOREO ACTIVO
Barranca;Barranca ;PN-BAR-05;III;2017;2018;TEC;2;2;2;441837;1113776;Piedades Sur;Alajuela;San Ramón;Alfaro;61;Aguas de calidad regular, contaminación moderada;6;Contaminación incipiente;84;Aguas de calidad regular, contaminación moderada;3;Sin contaminación;142;Aguas de calidad excelente, no contaminadas;3;Sin contaminación;160;Aguas de calidad excelente, no contaminadas;3;Sin contaminación;MONITOREO ACTIVO
Barranca;Barranca ;PN-BAR-06;III;2017;2018;TEC;2;2;2;430232;1107699;San Jerónimo;Puntarenas;Esparza;Macacona;140;Aguas de calidad excelente, no contaminadas;3;Sin contaminación;70;Aguas de calidad regular, contaminación moderada;4;Contaminación incipiente;151;Aguas de calidad excelente, no contaminadas;3;Sin contaminación;95;Aguas de calidad regular, contaminación moderada;3;Sin contaminación;MONITOREO ACTIVO
Barranca;Barranca ;PN-BAR-07;III;2017;2018;TEC;1;1;1;423874;1105780;Barranca;Puntarenas;Puntarenas;Barranca;124;Aguas de calidad excelente, no contaminadas;3;Sin contaminación;138;Aguas de calidad excelente, no contaminadas;3;Sin contaminación;148;Aguas de calidad excelente, no contaminadas;3;Sin contaminación;144;Aguas de calidad excelente, no contaminadas;3;Sin contaminación;SUSPENDIDO EL MONITOREO
Barranca;Barranca ;PN-BAR-08;III;2017;2018;TEC;2;2;2;422334;1104536;Barranca;Puntarenas;Puntarenas;Barranca;83;Aguas de calidad regular, contaminación moderada;3;Sin contaminación;62;Aguas de calidad regular, contaminación moderada;4;Contaminación incipiente;80;Aguas de calidad regular, contaminación moderada;3;Sin contaminación;71;Aguas de calidad regular, contaminación moderada;3;Sin contaminación;MONITOREO ACTIVO
Barú;Río Diamante;PC-BAR-01;I;2015;2016;UCR;2;1;2;523586;1024342;En camino sobre el punte río Diamante.;San José;Pérez Zeledón;Barú;N/A;N/A;N/A;N/A;N/A;N/A;N/A;N/A;203;Aguas de calidad excelente, no contaminadas;3;Sin contaminación;167;Aguas de calidad excelente, no contaminadas;4;Contaminación incipiente;MONITOREO ACTIVO
Barú;Río Barú;PC-BAR-02;I;2015;2016;UCR;2;1;2;519598;1024524;Camino a Líbano. Brazo izquierdo de la isla;San José;Pérez Zeledón;Barú;N/A;N/A;N/A;N/A;N/A;N/A;N/A;N/A;137;Aguas de calidad excelente, no contaminadas;4;Contaminación incipiente;160;Aguas de calidad excelente, no contaminadas;4;Contaminación incipiente;MONITOREO ACTIVO
Barú;Río Barú;PC-BAR-03;I;2015;2016;UCR;2;1;2;515570;1025242;En desembocadura de quebrada Espavel;Puntarenas;Osa;Bahía Ballena;N/A;N/A;N/A;N/A;N/A;N/A;N/A;N/A;124;Aguas de calidad excelente, no contaminadas;4;Contaminación incipiente;101;Aguas de calidad excelente, no contaminadas;4;Contaminación incipiente;MONITOREO ACTIVO
Bebedero;Cañas;PN-BEB-01;III;2017;2018;UCR;1;2;2;380767;1152545;Cañas;Guanacaste;Cañas;Cañas;90;Aguas de calidad regular, contaminación moderada;3;Sin contaminación;89;Aguas de calidad regular, contaminación moderada;3;Sin contaminación;120;Aguas de calidad excelente, no contaminadas;3;Sin contaminación;195;Aguas de calidad excelente, no contaminadas;3;Sin contaminación;MONITOREO ACTIVO
Bebedero;Piedras;PN-BEB-02;III;2017;2018;UCR;2;1;2;367338;1149747;Cercano a Hacienda Mojica;Guanacaste;Bagaces;Bagaces;109;Aguas de calidad excelente, no contaminadas;5;Contaminación incipiente;103;Aguas de calidad excelente, no contaminadas;4;Contaminación incipiente;155;Aguas de calidad excelente, no contaminadas;4;Contaminación incipiente;124;Aguas de calidad excelente, no contaminadas;4;Contaminación incipiente;MONITOREO ACTIVO
Bebedero;Bebedero;PN-BEB-03;III;2017;2018;UCR;2;4;4;368908;1146581;Bebedero;Guanacaste;Cañas;Bebedero;68;Aguas de calidad regular, contaminación moderada;5;Contaminación incipiente;31;Aguas de calidad mala, muy contaminadas;4;Contaminación incipiente;60;Aguas de calidad mala, contaminadas;4;Contaminación incipiente;69;Aguas de calidad regular, contaminación moderada;4;Contaminación incipiente;SUSPENDIDO EL MONITOREO
Bebedero;Santa Rosa;PN-BEB-04;III;2017;2018;UCR;2;2;2;393741;1159079;Tilarán;Guanacaste;Tilarán;Santa Rosa;189;Aguas de calidad excelente, no contaminadas;4;Contaminación incipiente;85;Aguas de calidad regular, contaminación moderada;4;Contaminación incipiente;195;Aguas de calidad excelente, no contaminadas;4;Contaminación incipiente;169;Aguas de calidad excelente, no contaminadas;4;Contaminación incipiente;MONITOREO ACTIVO
Bebedero;Blanco;PN-BEB-05;III;2017;2018;UCR;2;3;3;367653;1181808;Bajo Macuá;Guanacaste;Bagaces;Fortuna;90;Aguas de calidad regular, contaminación moderada;4;Contaminación incipiente;127;Aguas de calidad excelente, no contaminadas;4;Contaminación incipiente;69;Aguas de calidad regular, contaminación moderada;4;Contaminación incipiente;50;Aguas de calidad mala, contaminadas;4;Contaminación incipiente;MONITOREO ACTIVO
Chirripó;Sucio;ZN-CHI-01;IV;2018;2019;TEC;2;5;5;505845;1121951;Parque Braulio Carrillo;Cartago;Oreamuno;Santa Rosa;25;Aguas de calidad mala, muy contaminadas;4;Contaminación incipiente;77;Aguas de calidad regular, contaminación moderada;4;Contaminación incipiente;20;Aguas de calidad mala, muy contaminadas;6;Contaminación incipiente;15;Aguas de calidad muy mala, extremadamente contaminada;4;Contaminación incipiente;MONITOREO ACTIVO
Chirripó;Toro Amarillo;ZN-CHI-02;IV;2018;2019;TEC;2;2;2;521342;1123861;Calle la Trocha ;Limón;Pococí;Guápiles;84;"Aguas de calidad regular, contaminación moderada
";4;Contaminación incipiente;144;Aguas de calidad excelente;4;Contaminación incipiente;131;Aguas de calidad excelente;5;Contaminación incipiente;151;Aguas de calidad excelente;3;Sin contaminación;MONITOREO ACTIVO
Chirripó;Sucio;ZN-CHI-03;IV;2018;2019;TEC;2;4;4;501187;1156754;Puerto Viejo;Heredia;Sarapiquí;Puerto Viejo;24;Aguas de calidad mala, muy contaminadas;4;Contaminación incipiente;41;Aguas de calidad mala, contaminadas;3;Sin contaminación;85;Aguas de calidad regular, contaminación moderada;6;Contaminación incipiente;53;Aguas de calidad mala, contaminadas;4;Contaminación incipiente;MONITOREO ACTIVO
Chirripó;Chirripó;ZN-CHI-04;IV;2018;2019;TEC;2;3;3;515850;1145812;San Gerardo;Heredia;Sarapiquí;Horquetas;40;Aguas de calidad mala, contaminadas;3;Sin contaminación;36;Aguas de calidad mala, contaminadas;3;Sin contaminación;60;Aguas de calidad mala, contaminadas;4;Contaminación incipiente;85;Aguas de calidad regular, contaminación moderada;3;Sin contaminación;SUSPENDIDO EL MONITOREO
Chirripó;Sucio;ZN-CHI-05;IV;2018;2019;TEC;1;2;2;511157;1147119;Finca Agua;Limón;Pococí;La Rita;87;Aguas de calidad regular, contaminación moderada;3;Sin contaminación;130;Aguas de calidad excelente;3;Sin contaminación;129;Aguas de calidad excelente;3;Sin contaminación;112;Aguas de calidad buena, no contaminadas;3;Sin contaminación;MONITOREO ACTIVO
Cureña;Cureña;ZN-CUR-01;IV;2018;2019;UCR;2;1;2;482592,46;1175164,98;Río Cureña;Heredia;Sarapiquí;Cureña;162;Aguas de calidad excelente;4;Contaminación incipiente;133;Aguas de calidad excelente;4;Contaminación incipiente;191;Aguas de calidad excelente;4;Contaminación incipiente;163;Aguas de calidad excelente;6;Contaminación incipiente;MONITOREO ACTIVO
Cureña;Cureña;ZN-CUR-02;IV;2018;2019;UCR;3;2;3;489977,64;1190025,98;Boca del Río Cureña;Heredia;Sarapiquí;Cureña;67;"Aguas de calidad regular, contaminación moderada
";7;Contaminación moderada;107;Aguas de calidad buena, no contaminadas;6;Contaminación incipiente;120;Aguas de calidad buena, no contaminadas;6;Contaminación incipiente;84;"Aguas de calidad regular, contaminación moderada
";7;Contaminación moderada;MONITOREO ACTIVO
Damas;Río Damas;PC-DAM-01;I;2015;2016;TEC;1;1;1;478577;1053258;Damas (Finca Las Cuevas). ;Puntarenas;Parrita;Parrita;134;Aguas de calidad excelente, no contaminadas;3;Sin contaminación;133;Aguas de calidad excelente, no contaminadas;3;Sin contaminación;184;Aguas de calidad excelente, no contaminadas;3;Sin contaminación;137;Aguas de calidad excelente, no contaminadas;3;Sin contaminación;MONITOREO ACTIVO
Damas;Río Damas;PC-DAM-02;I;2015;2016;TEC;2;2;2;475877;1051840;Pocares. ;Puntarenas;Parrita;Parrita;113;Aguas de calidad excelente, no contaminadas;3;Sin contaminación;89;Aguas de calidad regular, contaminación moderada;3;Sin contaminación;134;Aguas de calidad excelente, no contaminadas;4;Contaminación incipiente;84;Aguas de calidad regular, contaminación moderada;3;Sin contaminación;MONITOREO ACTIVO
Damas;Río Paquita;PC-DAM-03;I;2015;2016;TEC;1;3;3;489634;1051066;Paso Real;Puntarenas;Aguirre;Naranjito;89;Aguas de calidad regular, contaminación moderada;3;Sin contaminación;44;Aguas de calidad mala, contaminadas;3;Sin contaminación;128;Aguas de calidad excelente, no contaminadas;3;Sin contaminación;81;Aguas de calidad regular, contaminación moderada;3;Sin contaminación;MONITOREO ACTIVO
Damas;Río Paquita;PC-DAM-04;I;2015;2016;TEC;2;2;2;480470;1046523;Damas (Detrás del Redondel);Puntarenas;Aguirre;Quepos;78;Aguas de calidad regular, contaminación moderada;3;Sin contaminación;68;Aguas de calidad regular, contaminación moderada;6;Contaminación incipiente;89;Aguas de calidad regular, contaminación moderada;4;Contaminación incipiente;63;Aguas de calidad regular, contaminación moderada;4;Contaminación incipiente;MONITOREO ACTIVO
Esquinas;Piedras Blancas;PS-ESQ-01;V;2019;2020;UCR;2;1;2;583319,21;970837,56;Punto 1, Río Piedras Blancas;Puntarenas;Osa;Piedras Blancas;187;Aguas de calidad excelente;4;Contaminación incipiente;N/A;N/A;N/A;N/A;N/A;N/A;N/A;N/A;N/A;N/A;N/A;N/A;MONITOREO ACTIVO
Esquinas;Piedras Blancas;PS-ESQ-02;V;2019;2020;UCR;1;1;1;603913,51;958332,51;Punto 2, Río Piedras Blancas;Puntarenas;Osa;Piedras Blancas;158;Aguas de calidad excelente;3;Sin contaminación;N/A;N/A;N/A;N/A;N/A;N/A;N/A;N/A;N/A;N/A;N/A;N/A;MONITOREO ACTIVO
Esquinas;Claro;PS-ESQ-03;V;2019;2020;UCR;2;1;2;593881,96;958299,35;Punto 3, Río Claro;Puntarenas;Golfito;Golfito;158;Aguas de calidad excelente;4;Contaminación incipiente;N/A;N/A;N/A;N/A;N/A;N/A;N/A;N/A;N/A;N/A;N/A;N/A;MONITOREO ACTIVO
Esquinas;Coto Colorado;PS-ESQ-04;V;2019;2020;UCR;2;1;2;602048,97;956133;Punto 4, Río Coto Colorado;Puntarenas;Golfito;Golfito;127;Aguas de calidad excelente;4;Contaminación incipiente;N/A;N/A;N/A;N/A;N/A;N/A;N/A;N/A;N/A;N/A;N/A;N/A;MONITOREO ACTIVO
Esquinas;Corredores;PS-ESQ-05;V;2019;2020;UCR;2;1;2;616296,2;955585,48;Punto 5, Río Corredores;Puntarenas;Corredores;Corredor;169;Aguas de calidad excelente;4;Contaminación incipiente;N/A;N/A;N/A;N/A;N/A;N/A;N/A;N/A;N/A;N/A;N/A;N/A;MONITOREO ACTIVO
Esquinas;Coloradillo;PS-ESQ-06;V;2019;2020;UCR;2;1;2;620864,78;951524,78;Punto 6, Río Coloradito;Puntarenas;Corredores;Paso Canoas;197;Aguas de calidad excelente;4;Contaminación incipiente;N/A;N/A;N/A;N/A;N/A;N/A;N/A;N/A;N/A;N/A;N/A;N/A;MONITOREO ACTIVO
Estrella;Río Cohen;C-EST-01;II;2016;2017;TEC;2;1;2;592527;1075889;Control Tributario;Limón;Limón;Valle La Estrella;123;Aguas de calidad excelente, no contaminadas;3;Sin contaminación;114;Aguas de calidad excelente, no contaminadas;4;Contaminación incipiente;141;Aguas de calidad excelente, no contaminadas;3;Sin contaminación;102;Aguas de calidad excelente, no contaminadas;3;Sin contaminación;SUSPENDIDO EL MONITOREO
Estrella;Río Estrella;C-EST-02;II;2016;2017;TEC;1;1;1;597936;1075673;Boca Cohen;Limón;Limón;Valle La Estrella;138;Aguas de calidad excelente, no contaminadas;3;Sin contaminación;155;Aguas de calidad excelente, no contaminadas;3;Sin contaminación;111;Aguas de calidad excelente, no contaminadas;3;Sin contaminación;108;Aguas de calidad excelente, no contaminadas;3;Sin contaminación;SUSPENDIDO EL MONITOREO
Estrella;Río Estrella;C-EST-03;II;2016;2017;TEC;2;2;3;615150;1078051;La Guaria;Limón;Limón;Valle La Estrella;37;Aguas de calidad mala, contaminadas;5;Contaminación incipiente;75;Aguas de calidad regular, contaminación moderada;3;Sin contaminación;80;Aguas de calidad regular, contaminación moderada;5;Contaminación incipiente;91;Aguas de calidad regular, contaminación moderada;3;Sin contaminación;SUSPENDIDO EL MONITOREO
Estrella;Río Estrella;C-EST-04;II;2016;2017;TEC;2;3;3;619158;1082458;Tajo Penshurt;Limón;Limón;Valle La Estrella;60;Aguas de calidad mala, contaminadas;4;Contaminación incipiente;73;Aguas de calidad regular, contaminación moderada;4;Contaminación incipiente;55;Aguas de calidad mala, contaminadas;4;Contaminación incipiente;76;Aguas de calidad regular, contaminación moderada;3;Sin contaminación;MONITOREO ACTIVO
Frío;Samen;ZN-FRI-01;IV;2018;2019;UNA;3;1;3;396005;1182789;Samen;Alajuela;Guatuso;Katira;122;Aguas de calidad excelente;4;Contaminación incipiente;191;Aguas de calidad excelente;2;Sin contaminación;210;Aguas de calidad excelente;4;Contaminación incipiente;193;Aguas de calidad excelente;7;Contaminación moderada;MONITOREO ACTIVO
Frío;Celeste;ZN-FRI-02;IV;2018;2019;UNA;3;2;3;396513;1185236;Celeste;Alajuela;Guatuso;Katira;102;Aguas de calidad buena, no contaminadas;4;Contaminación incipiente;140;Aguas de calidad excelente;3;Sin contaminación;119;Aguas de calidad buena, no contaminadas;4;Contaminación incipiente;87;Aguas de calidad regular, contaminación moderada;8;Contaminación moderada;MONITOREO ACTIVO
Frío;Mónico;ZN-FRI-03;IV;2018;2019;UNA;4;2;4;406466;1195288;Mónico;Alajuela;Los Chiles;Caño Negro;68;Aguas de calidad regular, contaminación moderada;6;Contaminación incipiente;N/A;;7;Contaminación moderada;129;Aguas de calidad excelente;5;Contaminación incipiente;98;Aguas de calidad regular, contaminación moderada;11;Contaminación severa;MONITOREO ACTIVO
Frío;Frío;ZN-FRI-04;IV;2018;2019;UNA;3;;3;419081;1213800;Frío;Alajuela;Los Chiles;Caño Negro;N/A;;5;Contaminación incipiente;N/A;;6;Contaminación incipiente;N/A;;4;Contaminación incipiente;N/A;;8;Contaminación moderada;SUSPENDIDO EL MONITOREO
Frío;Sabogal;ZN-FRI-05;IV;2018;2019;UNA;3;2;3;424116;1198841;Sabogal;Alajuela;Los Chiles;Caño Negro;83;Aguas de calidad regular, contaminación moderada;5;Contaminación incipiente;90;Aguas de calidad regular, contaminación moderada;8;Contaminación moderada;79;Aguas de calidad regular, contaminación moderada;7;Contaminación moderada;105;Aguas de calidad buena, no contaminadas;5;Contaminación incipiente;MONITOREO ACTIVO
Grande de Térraba;Quebradas;PS-GTE-01;V;2019;2020;UNA;3;1;3;532996;1041620;PS-GTE-01;San José;Pérez Zeledón;Rivas;143;Aguas de calidad excelente;5;Contaminación incipiente;115;Aguas de calidad excelente;8;Contaminación moderada;160;Aguas de calidad excelente;7;Contaminación moderada;123;Aguas de calidad excelente;8;Contaminación moderada;MONITOREO ACTIVO
Grande de Térraba;Pedregoso;PS-GTE-02;V;2019;2020;UNA;2;1;2;530449;1034120;PS-GTE-02;San José;Pérez Zeledón;San Isidro del General;145;Aguas de calidad excelente;6;Contaminación incipiente;109;Aguas de calidad excelente;4;Contaminación incipiente;115;Aguas de calidad excelente;4;Contaminación incipiente;139;Aguas de calidad excelente;8;Contaminación moderada;MONITOREO ACTIVO
Grande de Térraba;Pacuar;PS-GTE-03;V;2019;2020;UNA;2;1;2;530356;1031640;PS-GTE-03;San José;Pérez Zeledón;San Isidro del General;123;Aguas de calidad excelente;6;Contaminación incipiente;107;Aguas de calidad excelente;4;Contaminación incipiente;89;Aguas de calidad regular, contaminación moderada;5;Contaminación incipiente;82;Aguas de calidad regular, contaminación moderada;8;Contaminación moderada;MONITOREO ACTIVO
Grande de Térraba;General;PS-GTE-04;V;2019;2020;UNA;2;1;2;540450;1024550;PS-GTE-04;San José;Pérez Zeledón;San Isidro del General;114;Aguas de calidad excelente;4;Contaminación incipiente;113;Aguas de calidad excelente;3;Sin contaminación;140;Aguas de calidad excelente;4;Contaminación incipiente;111;Aguas de calidad excelente;9;Contaminación moderada;MONITOREO ACTIVO
Grande de Térraba;Volcán;PS-GTE-05;V;2019;2020;UNA;2;1;2;560402;1018153;PS-GTE-05;Puntarenas;Buenos Aires;Volcán;130;Aguas de calidad excelente;4;Contaminación incipiente;128;Aguas de calidad excelente;6;Contaminación incipiente;133;Aguas de calidad excelente;7;Contaminación moderada;140;Aguas de calidad excelente;8;Contaminación moderada;MONITOREO ACTIVO
Grande de Térraba;Volcán;PS-GTE-06;V;2019;2020;UNA;2;2;2;563052;1014805;PS-GTE-06;Puntarenas;Buenos Aires;Volcán;62;Aguas de calidad regular, contaminación moderada;4;Contaminación incipiente;95;Aguas de calidad regular, contaminación moderada;5;Contaminación incipiente;109;Aguas de calidad excelente;7;Contaminación moderada;134;Aguas de calidad excelente;10;Aguas de calidad mala, muy contaminadas;MONITOREO ACTIVO
Grande de Térraba;Coto Brus;PS-GTE-07;V;2019;2020;UNA;2;1;2;606327;984614;PS-GTE-07;Puntarenas;Coto Brus;San Vito;125;Aguas de calidad excelente;4;Contaminación incipiente;169;Aguas de calidad excelente;3;Sin contaminación;144;Aguas de calidad excelente;6;Contaminación incipiente;137;Aguas de calidad excelente;8;Contaminación moderada;MONITOREO ACTIVO
Grande de Térraba;Coto Brus;PS-GTE-08;V;2019;2020;UNA;3;2;3;589428;995105;PS-GTE-08;Puntarenas;Coto Brus;San Vito;80;Aguas de calidad regular, contaminación moderada;7;Contaminación moderada;103;Aguas de calidad excelente;6;Contaminación incipiente;109;Aguas de calidad excelente;5;Contaminación incipiente;95;Aguas de calidad regular, contaminación moderada;8;Contaminación moderada;MONITOREO ACTIVO
Jesús María;Río Jesús María;PC-JES-01;I;2015;2016;UCR;4;1;4;438645;1103798;San Juan de Dios, San Mateo;Alajuela;San Mateo;San Mateo;N/A;N/A;N/A;N/A;N/A;N/A;N/A;N/A;153;Aguas de calidad excelente, no contaminadas;3;Sin contaminación;139;Aguas de calidad excelente, no contaminadas;10;Contaminación severa;MONITOREO ACTIVO
Jesús María;Río Jesús María;PC-JES-02;I;2015;2016;UCR;2;1;2;433449;1101403;Puente Damas;Alajuela;San Mateo;Labrador;N/A;N/A;N/A;N/A;N/A;N/A;N/A;N/A;152;Aguas de calidad excelente, no contaminadas;4;Contaminación incipiente;107;Aguas de calidad excelente, no contaminadas;3;Sin contaminación;MONITOREO ACTIVO
Jesús María;Río Jesús María;PC-JES-03;I;2015;2016;UCR;3;1;3;427002;1096916;Puente camino a Labrador;Alajuela;San Mateo;Labrador;N/A;N/A;N/A;N/A;N/A;N/A;N/A;N/A;128;Aguas de calidad excelente, no contaminadas;7;Contaminación moderada;121;Aguas de calidad excelente, no contaminadas;5;Contaminación incipiente;MONITOREO ACTIVO
Jesús María;Río Jesús María;PC-JES-04;I;2015;2016;UCR;3;3;3;426346;1096040;Puente de la ruta 27 sobre río Jesús María;Puntarenas;Esparza;San Juan Grande;N/A;N/A;N/A;N/A;N/A;N/A;N/A;N/A;65;Aguas de calidad regular, contaminación moderada;8;Contaminación moderada;41;Aguas de calidad mala, contaminadas;7;Contaminación moderada;MONITOREO ACTIVO
Jesús María;Río Machuca;PC-JES-05;I;2015;2016;UCR;2;1;2;442899;1097938;Puente sobre río Machuca. Ruta San Mateo-Orotina;Alajuela;San Mateo;Desmonte;N/A;N/A;N/A;N/A;N/A;N/A;N/A;N/A;161;Aguas de calidad excelente, no contaminadas;4;Contaminación incipiente;127;Aguas de calidad excelente, no contaminadas;4;Contaminación incipiente;MONITOREO ACTIVO
Jesús María;Río Jesús María;PC-JES-06;I;2015;2016;UCR;2;2;2;424452;1095218;Punto 6 en Finca Vargas-Salas;Alajuela;Orotina;La Ceiba;N/A;N/A;N/A;N/A;N/A;N/A;N/A;N/A;65;Aguas de calidad regular, contaminación moderada;3;Sin contaminación;74;Aguas de calidad regular, contaminación moderada;5;Contaminación incipiente;SUSPENDIDO EL MONITOREO
Jesús María;Río Jesús María;PC-JES-07;I;2015;2016;UCR;2;3;3;424914;1093895;Punto 7 en Finca Vargas-Salas;Alajuela;Orotina;La Ceiba;N/A;N/A;N/A;N/A;N/A;N/A;N/A;N/A;90;Aguas de calidad regular, contaminación moderada;4;Contaminación incipiente;60;Aguas de calidad mala, contaminadas;5;Contaminación incipiente;MONITOREO ACTIVO
Madre de Dios;Río Madre de Dios;C-MAD-01;II;2016;2017;UNA;3;2;3;564448;1114320;Vegas;Limón;Matina;Batán;141;Aguas de calidad excelente, no contaminadas;5;Contaminación incipiente;142;Aguas de calidad excelente, no contaminadas;4;Contaminación incipiente;82;Aguas de calidad regular, contaminación moderada;7;Contaminación moderada;99;Aguas de calidad regular, contaminación moderada;5;Contaminación incipiente;MONITOREO ACTIVO
Madre de Dios;Río Caño Azul;C-MAD-02;II;2016;2017;UNA;3;4;4;569791;1121546;Cerca del poblado de Sahara;Limón;Siquirres;Pacuarito;59;Aguas de calidad mala, contaminadas;9;Contaminación moderada;32;Aguas de calidad mala, muy contaminadas;5;Contaminación incipiente;71;Aguas de calidad regular, contaminación moderada;5;Contaminación incipiente;49;Aguas de calidad mala, contaminadas;6;Contaminación incipiente;MONITOREO ACTIVO
Madre de Dios;Río Madre de Dios;C-MAD-03;II;2016;2017;UNA;3;3;3;569864;1121460;Sahara;Limón;Matina;Batán;102;Aguas de calidad excelente, no contaminadas;7;Contaminación moderada;92;Aguas de calidad regular, contaminación moderada;3;Sin contaminación;60;Aguas de calidad mala, contaminadas;3;Sin contaminación;116;Aguas de calidad excelente, no contaminadas;5;Contaminación incipiente;MONITOREO ACTIVO
Matina;Río Matina;C-MAT-01;II;2016;2017;UNA;3;3;3;584311;1119663;Barra Matina Norte;Limón;Matina;Matina;44;Aguas de calidad mala, contaminadas;4;Contaminación incipiente;69;Aguas de calidad regular, contaminación moderada;7;Contaminación moderada;67;Aguas de calidad regular, contaminación moderada;3;Sin contaminación;98;Aguas de calidad regular, contaminación moderada;7;Contaminación moderada;SUSPENDIDO EL MONITOREO
Matina;Río Matina;C-MAT-02;II;2016;2017;UNA;3;4;4;587660;1119040;Boca Río Matina;Limón;Matina;Matina;20;Aguas de calidad mala, muy contaminadas;4;Contaminación incipiente;40;Aguas de calidad mala, contaminadas;5;Contaminación incipiente;23;Aguas de calidad mala, muy contaminadas;3;Sin contaminación;27;Aguas de calidad mala, muy contaminadas;8;Contaminación moderada;SUSPENDIDO EL MONITOREO
Matina;Río Matina;C-MAT-03;II;2016;2017;UNA;3;2;3;579394;1114132;Luisa Este;Limón;Matina;Matina;74;Aguas de calidad regular, contaminación moderada;4;Contaminación incipiente;106;Aguas de calidad excelente, no contaminadas;5;Contaminación incipiente;89;Aguas de calidad regular, contaminación moderada;3;Sin contaminación;78;Aguas de calidad regular, contaminación moderada;7;Contaminación moderada;MONITOREO ACTIVO
Matina;Río Barbilla;C-MAT-04;II;2016;2017;UNA;3;2;3;568897;1112449;Barbilla. Cerca de Finca Gemelas;Limón;Matina;Batán;112;Aguas de calidad excelente, no contaminadas;4;Contaminación incipiente;113;Aguas de calidad excelente, no contaminadas;5;Contaminación incipiente;108;Aguas de calidad excelente, no contaminadas;9;Contaminación moderada;95;Aguas de calidad regular, contaminación moderada;5;Contaminación incipiente;MONITOREO ACTIVO
Matina;Río Chirripó;C-MAT-05;II;2016;2017;UNA;3;2;3;576526;1105216;Aguas arriba de la unión del río Zent con el río Chirripo;Limón;Matina;Matina;101;Aguas de calidad excelente, no contaminadas;4;Contaminación incipiente;141;Aguas de calidad excelente, no contaminadas;4;Contaminación incipiente;123;Aguas de calidad excelente, no contaminadas;9;Contaminación moderada;92;Aguas de calidad regular, contaminación moderada;6;Contaminación incipiente;MONITOREO ACTIVO
Matina;Río Chirripó;C-MAT-06;II;2016;2017;UNA;3;2;3;572276;1101262;Playa Hermosa;Limón;Matina;Matina;106;Aguas de calidad excelente, no contaminadas;3;Sin contaminación;153;Aguas de calidad excelente, no contaminadas;4;Contaminación incipiente;65;Aguas de calidad regular, contaminación moderada;9;Contaminación moderada;N/A;N/A;N/A;N/A;SUSPENDIDO EL MONITOREO
Matina;Río Chirripó;C-MAT-07;II;2016;2017;TEC;2;2;2;570379;1083192;Roca Quemada;Cartago;Turrialba;Chirripó;123;Aguas de calidad excelente, no contaminadas;3;Sin contaminación;146;Aguas de calidad excelente, no contaminadas;4;Contaminación incipiente;89;Aguas de calidad regular, contaminación moderada;3;Sin contaminación;N/A;N/A;N/A;N/A;SUSPENDIDO EL MONITOREO
Matina;Río Chirripó;C-MAT-08;II;2016;2017;TEC;1;2;2;569987;1082807;Dikoklorinak;Cartago;Turrialba;Chirripó;177;Aguas de calidad excelente, no contaminadas;3;Sin contaminación;166;Aguas de calidad excelente, no contaminadas;3;Sin contaminación;81;Aguas de calidad regular, contaminación moderada;3;Sin contaminación;N/A;N/A;N/A;N/A;SUSPENDIDO EL MONITOREO
Moín;Río Blanco;C-MOI-01;II;2016;2017;UCR;2;1;2;591521;1099005; La Victoria;Limón;Limón;Río Blanco;146;Aguas de calidad excelente, no contaminadas;4;Contaminación incipiente;121;Aguas de calidad excelente, no contaminadas;4;Contaminación incipiente;153;Aguas de calidad excelente, no contaminadas;4;Contaminación incipiente;123;Aguas de calidad excelente, no contaminadas;3;Sin contaminación;MONITOREO ACTIVO
Moín;Río Blanco;C-MOI-02;II;2016;2017;UCR;2;2;2;595925;1104968;Liverpool;Limón;Limón;Río Blanco;103;Aguas de calidad excelente, no contaminadas;4;Contaminación incipiente;77;Aguas de calidad regular, contaminación moderada;5;Contaminación incipiente;110;Aguas de calidad excelente, no contaminadas;3;Sin contaminación;104;Aguas de calidad excelente, no contaminadas;4;Contaminación incipiente;MONITOREO ACTIVO
Moín;Río Limoncito;C-MOI-03;II;2016;2017;UCR;2;1;2;602653;1100493;Valle La Aurora;Limón;Limón;Matama;137;Aguas de calidad excelente, no contaminadas;4;Contaminación incipiente;139;Aguas de calidad excelente, no contaminadas;5;Contaminación incipiente;134;Aguas de calidad excelente, no contaminadas;4;Contaminación incipiente;149;Aguas de calidad excelente, no contaminadas;4;Contaminación incipiente;MONITOREO ACTIVO
Moín;Río Limoncito;C-MOI-04;II;2016;2017;UCR;5;4;5;604924;1104153;Barrio Limoncito;Limón;Limón;Limón;40;Aguas de calidad mala, contaminadas;8;Contaminación moderada;35;Aguas de calidad mala, muy contaminadas;11;Contaminación severa;31;Aguas de calidad mala, muy contaminadas;13;Contaminación muy severa;44;Aguas de calidad mala, contaminadas;10;Contaminación severa;MONITOREO ACTIVO
Naranjo;Río Naranjo;PC-NAR-01;I;2015;2016;UNA;1;1;1;494958;1049620;Por Esquipulas;San José;Tarrazú;San Lorenzo;N/A;N/A;N/A;N/A;N/A;N/A;N/A;N/A;126;Aguas de calidad excelente, no contaminadas;3;Sin contaminación;102;Aguas de calidad excelente, no contaminadas;3;Sin contaminación;MONITOREO ACTIVO
Naranjo;Río Naranjo;PC-NAR-02;I;2015;2016;UNA;1;1;1;492323;1046307;Puente Río Naranjo;Puntarenas;Aguirre;Naranjito;N/A;N/A;N/A;N/A;N/A;N/A;N/A;N/A;134;Aguas de calidad excelente, no contaminadas;3;Sin contaminación;104;Aguas de calidad excelente, no contaminadas;3;Sin contaminación;SUSPENDIDO EL MONITOREO
Naranjo;Río Naranjo;PC-NAR-03;I;2015;2016;UNA;1;2;2;487152;1042701;Puente Río Naranjo en la Costanera;Puntarenas;Aguirre;Quepos;N/A;N/A;N/A;N/A;N/A;N/A;N/A;N/A;62;Aguas de calidad regular, contaminación moderada;3;Sin contaminación;71;Aguas de calidad regular, contaminación moderada;3;Sin contaminación;MONITOREO ACTIVO
Naranjo;Quebrada Escandalosa;PC-NAR-04;I;2015;2016;UNA;3;2;3;493052;1038399;Caserío Mona;Puntarenas;Aguirre;Quepos;N/A;N/A;N/A;N/A;N/A;N/A;N/A;N/A;75;Aguas de calidad regular, contaminación moderada;6;Contaminación incipiente;70;Aguas de calidad regular, contaminación moderada;9;Contaminación moderada;SUSPENDIDO EL MONITOREO
Pacuare;Río Pacuare;C-PAC-01;II;2016;2017;TEC;2;2;2;553953;1086599;Bajo Pacuare;Cartago;Turrialba;Tayutic;97;Aguas de calidad regular, contaminación moderada;4;Contaminación incipiente;161;Aguas de calidad excelente, no contaminadas;4;Contaminación incipiente;166;Aguas de calidad excelente, no contaminadas;3;Sin contaminación;127;Aguas de calidad excelente, no contaminadas;4;Contaminación incipiente;SUSPENDIDO EL MONITOREO
Pacuare;Río Pacuare;C-PAC-02;II;2016;2017;UCR;2;1;2;549562;1104204;Finca Tres Equis;Cartago;Turrialba;Tres Equis;190;Aguas de calidad excelente, no contaminadas;4;Contaminación incipiente;165;Aguas de calidad excelente, no contaminadas;3;Sin contaminación;141;Aguas de calidad excelente, no contaminadas;3;Sin contaminación;133;Aguas de calidad excelente, no contaminadas;3;Sin contaminación;MONITOREO ACTIVO
Pacuare;Río Siquirres;C-PAC-03;II;2016;2017;UCR;2;2;2;561423;1122417;Indiana Tres;Limón;Siquirres;Siquirres;95;Aguas de calidad regular, contaminación moderada;5;Contaminación incipiente;111;Aguas de calidad excelente, no contaminadas;4;Contaminación incipiente;115;Aguas de calidad excelente, no contaminadas;4;Contaminación incipiente;108;Aguas de calidad excelente, no contaminadas;4;Contaminación incipiente;MONITOREO ACTIVO
Pacuare;Río Pacuare;C-PAC-04;II;2016;2017;UNA;3;2;3;556395;1116515;Betania;Limón;Siquirres;Pacuarito;144;Aguas de calidad excelente, no contaminadas;3;Sin contaminación;108;Aguas de calidad excelente, no contaminadas;3;Sin contaminación;90;Aguas de calidad regular, contaminación moderada;8;Contaminación moderada;N/A;N/A;N/A;N/A;SUSPENDIDO EL MONITOREO
Pacuare;Río Pacuare;C-PAC-05;II;2016;2017;UNA;4;2;4;559157;1118911;Indiana Dos;Limón;Siquirres;Pacuarito;109;Aguas de calidad excelente, no contaminadas;4;Contaminación incipiente;107;Aguas de calidad excelente, no contaminadas;4;Contaminación incipiente;115;Aguas de calidad excelente, no contaminadas;4;Contaminación incipiente;96;Aguas de calidad regular, contaminación moderada;10;Contaminación severa;MONITOREO ACTIVO
Pacuare;Río Pacuare;C-PAC-06;II;2016;2017;UNA;3;4;4;573103;1128204;San Rafael;Limón;Siquirres;Pacuarito;22;Aguas de calidad mala, muy contaminadas;3;Sin contaminación;N/A;N/A;7;Contaminación moderada;78;Aguas de calidad regular, contaminación moderada;6;Contaminación incipiente;N/A;N/A;9;Contaminación moderada;SUSPENDIDO EL MONITOREO
Pacuare;Río Pacuare;C-PAC-07;II;2016;2017;UNA;4;2;4;573104;1128204;San Rafael;Limón;Siquirres;Pacuarito;N/A;N/A;N/A;N/A;N/A;N/A;N/A;N/A;N/A;N/A;N/A;N/A;61;Aguas de calidad regular, contaminación moderada;10;Contaminación severa;SUSPENDIDO EL MONITOREO
Parrita;Río Pirrís;PC-PAR-01;I;2015;2016;UCR;2;1;2;507465;1066603;Camino a Copey de Dota;San José;Dota;Copey;N/A;N/A;N/A;N/A;N/A;N/A;N/A;N/A;164;Aguas de calidad excelente, no contaminadas;4;Contaminación incipiente;191;Aguas de calidad excelente, no contaminadas;4;Contaminación incipiente;MONITOREO ACTIVO
Parrita;Río Pirrís;PC-PAR-02;I;2015;2016;UCR;3;1;3;494664;1067818;Camino por Sabana;San José;Tarrazú;San Lorenzo;N/A;N/A;N/A;N/A;N/A;N/A;N/A;N/A;124;Aguas de calidad excelente, no contaminadas;7;Contaminación moderada;113;Aguas de calidad excelente, no contaminadas;4;Contaminación incipiente;MONITOREO ACTIVO
Parrita;Río Pirrís;PC-PAR-03;I;2015;2016;TEC;1;2;2;470906;1067483;Las Vegas;San José;Acosta;Sabanillas;86;Aguas de calidad regular, contaminación moderada;3;Sin contaminación;154;Aguas de calidad excelente, no contaminadas;3;Sin contaminación;125;Aguas de calidad excelente, no contaminadas;3;Sin contaminación;67;Aguas de calidad regular, contaminación moderada;3;Sin contaminación;MONITOREO ACTIVO
Parrita;Río Candelaria;PC-PAR-04;I;2015;2016;TEC;1;2;2;479275;1081225;Cangrejal ;San José;Acosta;Cangrejal;81;Aguas de calidad regular, contaminación moderada;3;Sin contaminación;68;Aguas de calidad regular, contaminación moderada;3;Sin contaminación;142;Aguas de calidad excelente, no contaminadas;3;Sin contaminación;86;Aguas de calidad regular, contaminación moderada;3;Sin contaminación;MONITOREO ACTIVO
Parrita;Río Candelaria;PC-PAR-05;I;2015;2016;TEC;1;2;2;464126;1080033;Bajo Los Plomos;San José;Acosta;Sabanillas;110;Aguas de calidad excelente, no contaminadas;3;Sin contaminación;72;Aguas de calidad regular, contaminación moderada;3;Sin contaminación;90;Aguas de calidad regular, contaminación moderada;3;Sin contaminación;115;Aguas de calidad excelente, no contaminadas;3;Sin contaminación;SUSPENDIDO EL MONITOREO
Península de Nicoya;Morote;PN-PEN-01;III;2017;2018;UNA;3;2;3;349842;1117119;Mansión;Guanacaste;Nicoya;Mansión;105;Aguas de calidad excelente, no contaminadas;4;Contaminación incipiente;68;Aguas de calidad regular, contaminación moderada;4;Contaminación incipiente;192;Aguas de calidad excelente, no contaminadas;7;Contaminación moderada;172;Aguas de calidad excelente, no contaminadas;5;Contaminación incipiente;MONITOREO ACTIVO
Península de Nicoya;Morote;PN-PEN-02;III;2017;2018;UNA;2;2;2;355309;1113777;Uvita;Guanacaste;Nicoya;Mansión;82;Aguas de calidad regular, contaminación moderada;4;Contaminación incipiente;N/A;N/A;4;Contaminación incipiente;178;Aguas de calidad excelente, no contaminadas;5;Contaminación incipiente;159;Aguas de calidad excelente, no contaminadas;4;Contaminación incipiente;MONITOREO ACTIVO
Península de Nicoya;Morote;PN-PEN-03;III;2017;2018;UNA;;3;3;365172;1112633;Finca Pozo de Piedra;Guanacaste;Nicoya;Nicoya;N/A;N/A;9;Contaminación moderada;N/A;N/A;6;Contaminación incipiente;N/A;N/A;5;Contaminación incipiente;N/A;N/A;6;Contaminación incipiente;SUSPENDIDO EL MONITOREO
Península de Nicoya;Nosara;PN-PEN-04;III;2017;2018;UNA;2;2;2;317976;1102883;Santa Marta;Guanacaste;Nicoya;Nosara;83;Aguas de calidad regular, contaminación moderada;4;Contaminación incipiente;74;Aguas de calidad regular, contaminación moderada;3;Sin contaminación;82;Aguas de calidad regular, contaminación moderada;4;Contaminación incipiente;100;Aguas de calidad regular, contaminación moderada;5;Contaminación incipiente;MONITOREO ACTIVO
Península de Nicoya;Nosara;PN-PEN-05;III;2017;2018;UNA;3;3;3;331169;1109457;Juntas;Guanacaste;Nicoya;Nosara;39;Aguas de calidad mala, contaminadas;7;Contaminación moderada;89;Aguas de calidad regular, contaminación moderada;3;Sin contaminación;159;Aguas de calidad excelente, no contaminadas;8;Contaminación moderada;144;Aguas de calidad excelente, no contaminadas;7;Contaminación moderada;MONITOREO ACTIVO
Península de Nicoya;Bongo ;PN-PEN-06;III;2017;2018;TEC;2;3;3;367100;1077698;Bongo;Guanacaste;Nandayure;Bejuco;39;Aguas de calidad mala, contaminadas;4;Contaminación incipiente;53;Aguas de calidad mala, contaminadas;3;Sin contaminación;81;Aguas de calidad regular, contaminación moderada;3;Sin contaminación;67;Aguas de calidad regular, contaminación moderada;3;Sin contaminación;MONITOREO ACTIVO
Península de Nicoya;Blanco;PN-PEN-07;III;2017;2018;TEC;2;3;3;369901;1088599;Zapote;Puntarenas;Puntarenas;Lepanto;46;Aguas de calidad mala, contaminadas;4;Contaminación incipiente;117;Aguas de calidad excelente, no contaminadas;3;Sin contaminación;168;Aguas de calidad excelente, no contaminadas;3;Sin contaminación;149;Aguas de calidad excelente, no contaminadas;4;Contaminación incipiente;MONITOREO ACTIVO
Península de Nicoya;Ario;PN-PEN-08;III;2017;2018;TEC;2;3;3;369108;1075466;Bajo Arío;Puntarenas;Puntarenas;Paquera;52;Aguas de calidad mala, contaminadas;4;Contaminación incipiente;67;Aguas de calidad regular, contaminación moderada;3;Sin contaminación;96;Aguas de calidad regular, contaminación moderada;4;Contaminación incipiente;45;Aguas de calidad mala, contaminadas;4;Contaminación incipiente;MONITOREO ACTIVO
Península de Nicoya;Ario;PN-PEN-09;III;2017;2018;TEC;3;3;3;377981;1077549;San Ramón de Arío;Puntarenas;Puntarenas;Paquera;106;Aguas de calidad excelente, no contaminadas;3;Sin contaminación;129;Aguas de calidad excelente, no contaminadas;3;Sin contaminación;155;Aguas de calidad excelente, no contaminadas;3;Sin contaminación;45;Aguas de calidad mala, contaminadas;7;Contaminación moderada;MONITOREO ACTIVO
Peninsula de Osa;Sierpe;PS-POS-02;V;2019;2020;UCR;2;4;4;561638,5;978793,43;Punto 7, Río Sierpe, poblado La Hacienda;Puntarenas;Osa;Sierpe;35;Aguas de calidad mala, muy contaminadas;6;Contaminación incipiente;N/A;N/A;N/A;N/A;N/A;N/A;N/A;N/A;N/A;N/A;N/A;N/A;MONITOREO ACTIVO
Peninsula de Osa;Sierpe;PS-POS-01;V;2019;2020;UCR;3;1;3;574425,84;973585,82;Punto 8, Río Sierpe, Finca Cartago;Puntarenas;Osa;Sierpe;130;Aguas de calidad excelente;7;Contaminación moderada;N/A;N/A;N/A;N/A;N/A;N/A;N/A;N/A;N/A;N/A;N/A;N/A;MONITOREO ACTIVO
Peninsula de Osa;Progreso;PS-POS-03;V;2019;2020;TEC;2;1;2;540780;963406;El Progreso ;Puntarenas;Osa;Sierpe;129;Aguas de calidad excelente;4;Contaminación incipiente;98;Aguas de calidad regular, contaminación moderada;4;Contaminación incipiente;124;Aguas de calidad excelente;5;Contaminación incipiente;151;Aguas de calidad excelente;3;Sin contaminación;MONITOREO ACTIVO
Peninsula de Osa;Drake;PS-POS-04;V;2019;2020;TEC;2;1;2;540031;963224;El Progreso ;Puntarenas;Osa;Sierpe;116;Aguas de calidad buena, no contaminadas;4;Contaminación incipiente;156;Aguas de calidad excelente;5;Contaminación incipiente;145;Aguas de calidad excelente;4;Contaminación incipiente;141;Aguas de calidad excelente;3;Sin contaminación;MONITOREO ACTIVO
Peninsula de Osa;Q. El Carmen;PS-POS-05;V;2019;2020;TEC;2;2;2;537199;960976;Drake centro ;Puntarenas;Osa;Sierpe;93;Aguas de calidad regular, contaminación moderada;4;Contaminación incipiente;126;Aguas de calidad excelente;4;Contaminación incipiente;168;Aguas de calidad excelente;4;Contaminación incipiente;145;Aguas de calidad excelente;3;Sin contaminación;MONITOREO ACTIVO
Peninsula de Osa;Rincón;PS-POS-06;V;2019;2020;TEC;2;1;2;556454;952686;Pavones;Puntarenas;Golfito;Puerto Jiménez;109;Aguas de calidad buena, no contaminadas;4;Contaminación incipiente;149;Aguas de calidad excelente;3;Sin contaminación;126;Aguas de calidad excelente;6;Contaminación incipiente;131;Aguas de calidad excelente;3;Sin contaminación;MONITOREO ACTIVO
Peninsula de Osa;Rincón;PS-POS-07;V;2019;2020;TEC;2;2;2;557699;960827;Rincón ;Puntarenas;Golfito;Puerto Jiménez;81;Aguas de calidad regular, contaminación moderada;4;Contaminación incipiente;98;Aguas de calidad regular, contaminación moderada;4;Contaminación incipiente;77;Aguas de calidad regular, contaminación moderada;4;Contaminación incipiente;81;Aguas de calidad regular, contaminación moderada;4;Contaminación incipiente;MONITOREO ACTIVO
Peninsula de Osa;Tigre;PS-POS-08;V;2019;2020;TEC;1;1;1;565955;942456;Gallardo;Puntarenas;Golfito;Puerto Jiménez;114;Aguas de calidad buena, no contaminadas;3;Sin contaminación;109;Aguas de calidad excelente;3;Sin contaminación;146;Aguas de calidad excelente;5;Contaminación incipiente;116;Aguas de calidad excelente;4;Contaminación incipiente;MONITOREO ACTIVO
Peninsula de Osa;Tigre;PS-POS-09;V;2019;2020;TEC;2;2;2;573396;945256;Puente sobre río Tigre ;Puntarenas;Golfito;Puerto Jiménez;68;Aguas de calidad regular, contaminación moderada;4;Contaminación incipiente;93;Aguas de calidad regular, contaminación moderada;4;Contaminación incipiente;113;Aguas de calidad excelente;4;Contaminación incipiente;92;Aguas de calidad regular, contaminación moderada;3;Sin contaminación;MONITOREO ACTIVO
Peninsula de Osa;Q. Cacao;PS-POS-10;V;2019;2020;TEC;2;4;4;576705;943931;Calle Manglar/ Puerto Jimenez centro ;Puntarenas;Golfito;Puerto Jiménez;17;Aguas de calidad mala, muy contaminadas;6;Contaminación incipiente;N/A;N/A;N/A;N/A;N/A;N/A;N/A;N/A;N/A;N/A;N/A;N/A;SUSPENDIDO EL MONITOREO
Peninsula de Osa;Afluente quebrada Cacao;PS-POS-10.1;V;2019;2020;TEC;3;3;3;576535;943377;Calle Manglar/ Puerto Jimenez centro. Aguas arriba del punto 10;Puntarenas;Golfito;Puerto Jiménez;N/A;;N/A;;58;Aguas de calidad mala, contaminadas;7;Contaminación moderada;88;Aguas de calidad regular, contaminación moderada;9;Contaminación moderada;47;Aguas de calidad mala, contaminadas;7;Contaminación moderada;MONITOREO ACTIVO
Pocosol;Infiernillo;ZN-POC-01;IV;2018;2019;UCR;2;2;2;459889,66;1204407,21;Llano Verde, camino a Crucitas, Cutris;Alajuela;San Carlos;Cutris;96;Aguas de calidad regular, contaminación moderada;5;Contaminación incipiente;80;Aguas de calidad regular, contaminación moderada;6;Contaminación incipiente;91;Aguas de calidad regular, contaminación moderada;5;Contaminación incipiente;98;Aguas de calidad regular, contaminación moderada;5;Contaminación incipiente;MONITOREO ACTIVO
Pocosol;Pocosol;ZN-POC-02;IV;2018;2019;UCR;2;1;2;439806,48;1181286,54;Acapulco;Alajuela;San Carlos;Pocosol;173;Aguas de calidad excelente;4;Contaminación incipiente;173;Aguas de calidad excelente;4;Contaminación incipiente;206;Aguas de calidad excelente;4;Contaminación incipiente;169;Aguas de calidad excelente;4;Contaminación incipiente;MONITOREO ACTIVO
Pocosol;Pocosol;ZN-POC-03;IV;2018;2019;UCR;2;2;2;440761,81;1196191,88;San Cristobal;Alajuela;San Carlos;Pocosol;81;Aguas de calidad regular, contaminación moderada;5;Contaminación incipiente;111;Aguas de calidad buena, no contaminadas;5;Contaminación incipiente;123;Aguas de calidad excelente;4;Contaminación incipiente;170;Aguas de calidad excelente;4;Contaminación incipiente;SUSPENDIDO EL MONITOREO
Pocosol;Pocosol;ZN-POC-04;IV;2018;2019;UCR;2;2;2;447414,14;1208498,74;Finca en Caño Castilla;Alajuela;Los Chiles;Los Chiles;100;Aguas de calidad regular, contaminación moderada;6;Contaminación incipiente;67;Aguas de calidad regular, contaminación moderada;5;Contaminación incipiente;72;Aguas de calidad regular, contaminación moderada;5;Contaminación incipiente;97;Aguas de calidad regular, contaminación moderada;4;Contaminación incipiente;MONITOREO ACTIVO
Pocosol;Medio Queso;ZN-POC-05;IV;2018;2019;UCR;3;2;3;424939,39;1219769,72;Medio Queso;Alajuela;Los Chiles;Los Chiles;90;Aguas de calidad regular, contaminación moderada;7;Contaminación moderada;126;Aguas de calidad excelente;7;Contaminación moderada;108;Aguas de calidad buena, no contaminadas;7;Contaminación moderada;126;Aguas de calidad excelente;7;Contaminación moderada;MONITOREO ACTIVO
Pocosol;Medio Queso;ZN-POC-06;IV;2018;2019;UCR;3;3;3;437136,15;1219338,62;Isla Chica;Alajuela;Los Chiles;Los Chiles;56;Aguas de calidad mala, contaminadas;6;Contaminación incipiente;40;Aguas de calidad mala, contaminadas;6;Contaminación incipiente;84;Aguas de calidad regular, contaminación moderada;6;Contaminación incipiente;47;Aguas de calidad mala, contaminadas;7;Contaminación moderada;SUSPENDIDO EL MONITOREO
Reventazón;Río Taras;C-REV-01;II;2016;2017;TEC;3;5;5;506672;1092705;Barrio El Caracol;Cartago;Cartago;San Nicolás;17;Aguas de calidad mala, muy contaminadas;7;Contaminación moderada;10;Aguas de calidad muy mala, extremadamente contaminada;5;Contaminación incipiente;30;Aguas de calidad mala, muy contaminadas;7;Contaminación moderada;18;Aguas de calidad mala, muy contaminadas;9;Contaminación moderada;MONITOREO ACTIVO
Reventazón;Río Purires;C-REV-02;II;2016;2017;TEC;2;2;2;499319;1087031;Tablón;Cartago;Cartago;Guadalupe;147;Aguas de calidad excelente, no contaminadas;5;Contaminación incipiente;91;Aguas de calidad regular, contaminación moderada;5;Contaminación incipiente;172;Aguas de calidad excelente, no contaminadas;3;Sin contaminación;114;Aguas de calidad excelente, no contaminadas;3;Sin contaminación;MONITOREO ACTIVO
Reventazón;Río Purires;C-REV-03;II;2016;2017;TEC;4;4;4;505246;1087450;San Isidro de El Guarco ;Cartago;El Guarco;San Isidro;39;Aguas de calidad mala, contaminadas;11;Contaminación severa;75;Aguas de calidad regular, contaminación moderada;9;Contaminación moderada;28;Aguas de calidad mala, muy contaminadas;6;Contaminación incipiente;51;Aguas de calidad mala, contaminadas;10;Contaminación severa;MONITOREO ACTIVO
Reventazón;Río Agua Caliente;C-REV-04;II;2016;2017;TEC;3;4;4;514164;1084516;Puente Negro;Cartago;Cartago;Dulce Nombre;25;Aguas de calidad mala, muy contaminadas;7;Contaminación moderada;54;Aguas de calidad mala, contaminadas;7;Contaminación moderada;66;Aguas de calidad regular, contaminación moderada;4;Contaminación incipiente;47;Aguas de calidad mala, contaminadas;8;Contaminación moderada;MONITOREO ACTIVO
Reventazón;Río Grande de Orosi;C-REV-05;II;2016;2017;TEC;2;2;2;516802;1082234;Palomo;Cartago;Paraíso;Orosí;87;Aguas de calidad regular, contaminación moderada;5;Contaminación incipiente;171;Aguas de calidad excelente, no contaminadas;4;Contaminación incipiente;109;Aguas de calidad excelente, no contaminadas;3;Sin contaminación;108;Aguas de calidad excelente, no contaminadas;3;Sin contaminación;MONITOREO ACTIVO
Reventazón;Río Pejibaye;C-REV-06;II;2016;2017;TEC;1;2;2;534975;1087583;Pejibaye;Cartago;Jiménez;Pejibaye;98;Aguas de calidad regular, contaminación moderada;3;Sin contaminación;113;Aguas de calidad excelente, no contaminadas;3;Sin contaminación;116;Aguas de calidad excelente, no contaminadas;3;Sin contaminación;107;Aguas de calidad excelente, no contaminadas;3;Sin contaminación;SUSPENDIDO EL MONITOREO
Reventazón;Río Atirro;C-REV-07;II;2016;2017;TEC;1;1;1;538084;1087095;Atirro;Cartago;Turrialba;La Suiza;124;Aguas de calidad excelente, no contaminadas;3;Sin contaminación;102;Aguas de calidad excelente, no contaminadas;3;Sin contaminación;159;Aguas de calidad excelente, no contaminadas;3;Sin contaminación;144;Aguas de calidad excelente, no contaminadas;3;Sin contaminación;SUSPENDIDO EL MONITOREO
Reventazón;Río Tuis;C-REV-08;II;2016;2017;TEC;2;2;2;539801;1091071;La Suiza;Cartago;Turrialba;La Suiza;120;Aguas de calidad excelente, no contaminadas;3;Sin contaminación;80;Aguas de calidad regular, contaminación moderada;4;Contaminación incipiente;106;Aguas de calidad excelente, no contaminadas;4;Contaminación incipiente;110;Aguas de calidad excelente, no contaminadas;3;Sin contaminación;SUSPENDIDO EL MONITOREO
Reventazón;Quebrada El Colorado;C-REV-09;II;2016;2017;TEC;3;3;3;533673;1096156;Barrio El Poró;Cartago;Turrialba;Turrialba;117;Aguas de calidad excelente, no contaminadas;6;Contaminación incipiente;103;Aguas de calidad excelente, no contaminadas;7;Contaminación moderada;99;Aguas de calidad regular, contaminación moderada;5;Contaminación incipiente;59;Aguas de calidad mala, contaminadas;4;Contaminación incipiente;SUSPENDIDO EL MONITOREO
Reventazón;Río Páez;C-REV-10;II;2016;2017;TEC;3;3;3;515725;1088403;Birrisito;Cartago;Paraíso;Paraíso;43;Aguas de calidad mala, contaminadas;7;Contaminación moderada;48;Aguas de calidad mala, contaminadas;8;Contaminación moderada;65;Aguas de calidad regular, contaminación moderada;6;Contaminación incipiente;52;Aguas de calidad mala, contaminadas;9;Contaminación moderada;MONITOREO ACTIVO
Reventazón;Río Reventazón;C-REV-11;II;2016;2017;UNA;3;3;3;538321;1094946;Bajo Chino;Cartago;Turrialba;Turrialba;106;Aguas de calidad excelente, no contaminadas;3;Sin contaminación;38;Aguas de calidad mala, contaminadas;3;Sin contaminación;83;Aguas de calidad regular, contaminación moderada;6;Contaminación incipiente;49;Aguas de calidad mala, contaminadas;7;Contaminación moderada;MONITOREO ACTIVO
Reventazón;Río Reventazón;C-REV-12;II;2016;2017;UNA;3;4;4;551179;1117583;Junta;Limón;Siquirres;Cairo;71;Aguas de calidad regular, contaminación moderada;4;Contaminación incipiente;30;Aguas de calidad mala, muy contaminadas;3;Sin contaminación;37;Aguas de calidad mala, contaminadas;4;Contaminación incipiente;48;Aguas de calidad mala, contaminadas;8;Contaminación moderada;MONITOREO ACTIVO
Reventazón;Río Reventazón;C-REV-13;II;2016;2017;UNA;3;5;5;555993;1125844;Milla Cinco;Limón;Siquirres;Cairo;32;Aguas de calidad mala, muy contaminadas;4;Contaminación incipiente;18;Aguas de calidad mala, muy contaminadas;3;Sin contaminación;7;Aguas de calidad muy mala, extremadamente contaminada;7;Contaminación moderada;35;Aguas de calidad mala, muy contaminadas;7;Contaminación moderada;MONITOREO ACTIVO
San Carlos;Peje (San Carlos);ZN-SAN-01;IV;2018;2019;TEC;3;2;3;445595;1150072;Quebrada Azul ;Alajuela;San Carlos;Florencia;68;Aguas de calidad regular, contaminación moderada;7;Contaminación moderada;75;Aguas de calidad regular, contaminación moderada;4;Contaminación incipiente;106;Aguas de calidad buena, no contaminadas;3;Sin contaminación;93;Aguas de calidad regular, contaminación moderada;3;Sin contaminación;MONITOREO ACTIVO
San Carlos;San Carlos;ZN-SAN-02;IV;2018;2019;TEC;3;3;3;448391;1154099;Platanar;Alajuela;San Carlos;Florencia;46;Aguas de calidad mala, contaminadas;7;Contaminación moderada;45;Aguas de calidad mala, contaminadas;4;Contaminación incipiente;40;Aguas de calidad mala, contaminadas;7;Contaminación moderada;110;Aguas de calidad buena, no contaminadas;4;Contaminación incipiente;SUSPENDIDO EL MONITOREO
San Carlos;San Carlos;ZN-SAN-03;IV;2018;2019;TEC;2;5;5;447360;1164091;Boca Arenal ;Alajuela;San Carlos;Cutris;1;Aguas de calidad muy mala, extremadamente contaminada;4;Contaminación incipiente;55;Aguas de calidad mala, contaminadas;3;Sin contaminación;59;Aguas de calidad mala, contaminadas;5;Contaminación incipiente;108;Aguas de calidad buena, no contaminadas;4;Contaminación incipiente;MONITOREO ACTIVO
San Carlos;San Carlos;ZN-SAN-04;IV;2018;2019;TEC;2;4;4;446170;1167233;Terrón Colorado ;Alajuela;San Carlos;Pocosol;25;Aguas de calidad mala, muy contaminadas;4;Contaminación incipiente;44;Aguas de calidad mala, contaminadas;3;Sin contaminación;96;Aguas de calidad regular, contaminación moderada;6;Contaminación incipiente;98;Aguas de calidad regular, contaminación moderada;4;Contaminación incipiente;SUSPENDIDO EL MONITOREO
San Carlos;San Carlos;ZN-SAN-05;IV;2018;2019;TEC;2;2;2;472597;1178771;Boca Tapada;Alajuela;San Carlos;Pital;103;Aguas de calidad buena, no contaminadas;4;Contaminación incipiente;103;Aguas de calidad buena, no contaminadas;3;Sin contaminación;100;Aguas de calidad regular, contaminación moderada;5;Contaminación incipiente;71;Aguas de calidad regular, contaminación moderada;3;Sin contaminación;MONITOREO ACTIVO
San Carlos;San Carlos;ZN-SAN-06;IV;2018;2019;TEC;2;3;3;478588;1192460;Boca San Carlos;Alajuela;San Carlos;Pital;42;Aguas de calidad mala, contaminadas;3;Sin contaminación;57;Aguas de calidad mala, contaminadas;3;Sin contaminación;106;Aguas de calidad buena, no contaminadas;5;Contaminación incipiente;50;Aguas de calidad mala, contaminadas;4;Contaminación incipiente;SUSPENDIDO EL MONITOREO
Sarapiquí;La Paz;ZN-SAR-01;IV;2018;2019;UNA;3;1;3;482052;1128601;La Paz;Heredia;Heredia;Varablanca;130;Aguas de calidad excelente;7;Contaminación moderada;136;Aguas de calidad excelente;5;Contaminación incipiente;169;Aguas de calidad excelente;6;Contaminación incipiente;161;Aguas de calidad excelente;3;Sin contaminación;SUSPENDIDO EL MONITOREO
Sarapiquí;Cariblanco;ZN-SAR-02;IV;2018;2019;UNA;3;1;3;479928;1135348;Cariblanco;Heredia;Heredia;Varablanca;153;Aguas de calidad excelente;8;Contaminación moderada;148;Aguas de calidad excelente;4;Contaminación incipiente;183;Aguas de calidad excelente;6;Contaminación incipiente;168;Aguas de calidad excelente;7;Contaminación moderada;MONITOREO ACTIVO
Sarapiquí;Puerto Viejo;ZN-SAR-03;IV;2018;2019;UNA;3;3;3;499537;1153320;Puerto Viejo;Heredia;Sarapiquí;Puerto Viejo;73;"Aguas de calidad regular, contaminación moderada
";7;Contaminación moderada;43;Aguas de calidad mala, contaminadas;3;Sin contaminación;50;Aguas de calidad mala, contaminadas;4;Contaminación incipiente;37;Aguas de calidad excelente;3;Sin contaminación;MONITOREO ACTIVO
Sarapiquí;Sarapiquí;ZN-SAR-04;IV;2018;2019;UNA;3;3;3;498841;1155364;Sarapiquí;Heredia;Sarapiquí;Puerto Viejo;85;"Aguas de calidad regular, contaminación moderada
";8;Contaminación moderada;59;Aguas de calidad mala, contaminadas;4;Contaminación incipiente;20;Aguas de calidad mala, muy contaminadas;7;Contaminación moderada;60;Aguas de calidad mala, contaminadas;7;Contaminación moderada;MONITOREO ACTIVO
Sarapiquí;Sarapiquí;ZN-SAR-05;IV;2018;2019;UNA;3;;3;499819;1173656;Sarapiquí;Heredia;Sarapiquí;Puerto Viejo;N/A;;7;Contaminación moderada;N/A;;4;Contaminación incipiente;N/A;;4;Contaminación incipiente;N/A;;7;Contaminación moderada;MONITOREO ACTIVO
Sarapiquí;Toro;ZN-SAR-06;IV;2018;2019;UNA;3;4;4;493786;1173389;Toro;Heredia;Sarapiquí;Puerto Viejo;58;Aguas de calidad mala, contaminadas;4;Contaminación incipiente;25;Aguas de calidad mala, muy contaminadas;3;Sin contaminación;53;Aguas de calidad mala, contaminadas;4;Contaminación incipiente;28;Aguas de calidad mala, muy contaminadas;8;Contaminación moderada;MONITOREO ACTIVO
Savegre;Río Savegre;PC-SAV-01;I;2015;2016;UCR;2;1;2;521484;1056755;En Trogón Lodge;San José;Dota;Copey;N/A;N/A;N/A;N/A;N/A;N/A;N/A;N/A;102;Aguas de calidad excelente, no contaminadas;4;Contaminación incipiente;113;Aguas de calidad excelente, no contaminadas;4;Contaminación incipiente;MONITOREO ACTIVO
Savegre;Río Savegre;PC-SAV-02;I;2015;2016;UCR;2;3;3;520293;1055374;En Truchas Reales ;San José;Dota;Copey;N/A;N/A;N/A;N/A;N/A;N/A;N/A;N/A;66;Aguas de calidad regular, contaminación moderada;5;Contaminación incipiente;51;Aguas de calidad mala, contaminadas;5;Contaminación incipiente;MONITOREO ACTIVO
Savegre;Río Savegre;PC-SAV-03;I;2015;2016;UNA;2;1;2;504072;1043116;Brujo;Copey;Dota;San José;N/A;N/A;N/A;N/A;N/A;N/A;N/A;N/A;121;Aguas de calidad excelente, no contaminadas;3;Sin contaminación;128;Aguas de calidad excelente, no contaminadas;4;Contaminación incipiente;MONITOREO ACTIVO
Savegre;Río Savegre;PC-SAV-04;I;2015;2016;UNA;2;2;2;495894;1037499;Savegre;Puntarenas;Aguirre;Savegre;N/A;N/A;N/A;N/A;N/A;N/A;N/A;N/A;117;Aguas de calidad excelente, no contaminadas;4;Contaminación incipiente;83;Aguas de calidad regular, contaminación moderada;4;Contaminación incipiente;MONITOREO ACTIVO
Savegre;Río División;PC-SAV-05;I;2015;2016;UCR;2;1;2;526378;1049217;En Santa Eduviges;San José;Peréz Zeledón;Páramo;N/A;N/A;N/A;N/A;N/A;N/A;N/A;N/A;184;Aguas de calidad excelente, no contaminadas;4;Contaminación incipiente;168;Aguas de calidad excelente, no contaminadas;4;Contaminación incipiente;MONITOREO ACTIVO
Savegre;Río Savegre;PC-SAV-06;I;2015;2016;UCR;2;2;2;495005;1041790;Asentamiento Savegre;Puntarenas;Aguirre;Naranjito;N/A;N/A;N/A;N/A;N/A;N/A;N/A;N/A;129;Aguas de calidad excelente, no contaminadas;4;Contaminación incipiente;77;Aguas de calidad regular, contaminación moderada;3;Sin contaminación;SUSPENDIDO EL MONITOREO
Sixaola;Río Sixaola;C-SIX-01;II;2016;2017;TEC;1;3;3;624974;1062379;Río Rocoso;Limón;Talamanca;Bratsi;55;Aguas de calidad mala, contaminadas;3;Sin contaminación;64;Aguas de calidad regular, contaminación moderada;3;Sin contaminación;92;Aguas de calidad regular, contaminación moderada;3;Sin contaminación;81;Aguas de calidad regular, contaminación moderada;3;Sin contaminación;MONITOREO ACTIVO
Sixaola;Río Sixaola;C-SIX-02;II;2016;2017;TEC;2;3;3;624971;1060351;Sand Box;Limón;Talamanca;Bratsi;90;Aguas de calidad regular, contaminación moderada;4;Contaminación incipiente;98;Aguas de calidad regular, contaminación moderada;3;Sin contaminación;58;Aguas de calidad mala, contaminadas;3;Sin contaminación;71;Aguas de calidad regular, contaminación moderada;3;Sin contaminación;MONITOREO ACTIVO
Sixaola;Río Sixaola;C-SIX-03;II;2016;2017;TEC;2;5;5;652226;1050612;Puente Limítrofe;Limón;Talamanca;Sixaola;45;Aguas de calidad mala, contaminadas;4;Contaminación incipiente;36;Aguas de calidad mala, contaminadas;4;Contaminación incipiente;14;Aguas de calidad muy mala, extremadamente contaminada;4;Contaminación incipiente;43;Aguas de calidad mala, contaminadas;4;Contaminación incipiente;MONITOREO ACTIVO
Tárcoles;Río Virilla;PC-TAR-01;I;2015;2016;UNA;1;1;1;505940;1104290;Las Nubes;San José;Vásquez de Coronado;Cascajal;N/A;N/A;N/A;N/A;N/A;N/A;N/A;N/A;129;Aguas de calidad excelente, no contaminadas;3;Sin contaminación;141;Aguas de calidad excelente, no contaminadas;3;Sin contaminación;MONITOREO ACTIVO
Tárcoles;Río Virilla;PC-TAR-02;I;2015;2016;UNA;1;2;2;499343;1103594;Toma del AyA;San José;Vásquez de Coronado;San Isidro;N/A;N/A;N/A;N/A;N/A;N/A;N/A;N/A;96;Aguas de calidad regular, contaminación moderada;3;Sin contaminación;100;Aguas de calidad regular, contaminación moderada;3;Sin contaminación;MONITOREO ACTIVO
Tárcoles;Río Virilla;PC-TAR-03;I;2015;2016;UNA;2;4;4;491495;1102221;Tibás-Estadio Saprissa;San José;Tibás;San Juan;N/A;N/A;N/A;N/A;N/A;N/A;N/A;N/A;30;Aguas de calidad mala, muy contaminadas;5;Contaminación incipiente;65;Aguas de calidad regular, contaminación moderada;3;Sin contaminación;MONITOREO ACTIVO
Tárcoles;Río Virilla;PC-TAR-04;I;2015;2016;UNA;4;4;4;480338;1102283;Pedregal;San Rafael;Escazú;San José;N/A;N/A;N/A;N/A;N/A;N/A;N/A;N/A;26;Aguas de calidad mala, muy contaminadas;11;Contaminación severa;17;Aguas de calidad mala, muy contaminadas;11;Contaminación severa;MONITOREO ACTIVO
Tárcoles;Río Virilla;PC-TAR-05;I;2015;2016;UNA;3;5;5;470780;1098167;Por la Guácima;Guácima;Alajuela;Alajuela;N/A;N/A;N/A;N/A;N/A;N/A;N/A;N/A;39;Aguas de calidad mala, contaminadas;8;Contaminación moderada;12;Aguas de calidad muy mala, extremadamente contaminada;9;Contaminación moderada;SUSPENDIDO EL MONITOREO
Tárcoles;Río Tárcoles;PC-TAR-06;I;2015;2016;UNA;3;3;3;450165;1097109;Hidrotárcoles;Escobal;Atenas;Alajuela;N/A;N/A;N/A;N/A;N/A;N/A;N/A;N/A;36;Aguas de calidad mala, contaminadas;4;Contaminación incipiente;58;Aguas de calidad mala, contaminadas;7;Contaminación moderada;MONITOREO ACTIVO
Tárcoles;Río Grande ;PC-TAR-07;I;2015;2016;UNA;2;1;2;461417;1102524;El Tajo;Alajuela;Atenas;Concepción;N/A;N/A;N/A;N/A;N/A;N/A;N/A;N/A;105;Aguas de calidad excelente, no contaminadas;5;Contaminación incipiente;129;Aguas de calidad excelente, no contaminadas;4;Contaminación incipiente;MONITOREO ACTIVO
Tárcoles;Río Tárcoles;PC-TAR-08;I;2015;2016;UNA;2;3;3;442305;1092780;Tajo Traesa;Alajuela;Orotina;Orotina;N/A;N/A;N/A;N/A;N/A;N/A;N/A;N/A;60;Aguas de calidad mala, contaminadas;3;Sin contaminación;72;Aguas de calidad regular, contaminación moderada;4;Contaminación incipiente;MONITOREO ACTIVO
Tempisque;Tempisquito;PN-TEM-01;III;2017;2018;UNA;3;2;3;331594;1196861;Hacienda Potrerillos;Guanacaste;Liberia;Liberia;63;Aguas de calidad regular, contaminación moderada;5;Contaminación incipiente;75;Aguas de calidad regular, contaminación moderada;4;Contaminación incipiente;103;Aguas de calidad excelente, no contaminadas;6;Contaminación incipiente;85;Aguas de calidad regular, contaminación moderada;7;Contaminación moderada;MONITOREO ACTIVO
Tempisque;Ahogados;PN-TEM-02;III;2017;2018;UNA;3;1;3;341394;1198407;Finca San Emilio;Guanacaste;Liberia;Liberia;N/A;N/A;7;Contaminación moderada;161;Aguas de calidad excelente, no contaminadas;3;Sin contaminación;197;Aguas de calidad excelente, no contaminadas;5;Contaminación incipiente;191;Aguas de calidad excelente, no contaminadas;5;Contaminación incipiente;MONITOREO ACTIVO
Tempisque;Colorado;PN-TEM-03;III;2017;2018;UNA;2;2;2;329305;1176957;Potrerillos;Guanacaste;Liberia;Liberia;127;Aguas de calidad excelente, no contaminadas;3;Sin contaminación;94;Aguas de calidad regular, contaminación moderada;5;Contaminación incipiente;185;Aguas de calidad excelente, no contaminadas;4;Contaminación incipiente;169;Aguas de calidad excelente, no contaminadas;6;Contaminación incipiente;MONITOREO ACTIVO
Tempisque;Liberia;PN-TEM-04;III;2017;2018;UNA;2;1;2;344627;1176883;Moracia;Guanacaste;Liberia;Liberia;104;Aguas de calidad excelente, no contaminadas;6;Contaminación incipiente;119;Aguas de calidad excelente, no contaminadas;4;Contaminación incipiente;139;Aguas de calidad excelente, no contaminadas;4;Contaminación incipiente;133;Aguas de calidad excelente, no contaminadas;5;Contaminación incipiente;MONITOREO ACTIVO
Tempisque;Tempisque;PN-TEM-05;III;2017;2018;UNA;2;3;3;328127;1160366;Paso Tempisque;Guanacaste;Carrillo;Filadelfia;45;Aguas de calidad mala, contaminadas;4;Contaminación incipiente;44;Aguas de calidad mala, contaminadas;3;Sin contaminación;76;Aguas de calidad regular, contaminación moderada;5;Contaminación incipiente;105;Aguas de calidad excelente, no contaminadas;5;Contaminación incipiente;MONITOREO ACTIVO
Tempisque;Tempisque;PN-TEM-06;III;2017;2018;UNA;2;3;3;331385;1154818;Finca La Providencia;Guanacaste;Carrillo;Filadelfia;54;Aguas de calidad mala, contaminadas;5;Contaminación incipiente;N/A;N/A;3;Sin contaminación;N/A;N/A;5;Contaminación incipiente;N/A;N/A;6;Contaminación incipiente;SUSPENDIDO EL MONITOREO
Tempisque;Tempisque;PN-TEM-07;III;2017;2018;UNA;2;3;3;346688;1148109;Paso Coyol;Guanacaste;Santa Cruz;Bolsón;55;Aguas de calidad mala, contaminadas;5;Contaminación incipiente;42;Aguas de calidad mala, contaminadas;4;Contaminación incipiente;44;Aguas de calidad mala, contaminadas;4;Contaminación incipiente;N/A;N/A;8;Contaminación moderada;MONITOREO ACTIVO
Tempisque;Bolsón;PN-TEM-08;III;2017;2018;UNA;4;3;4;340111;1147032;Paso Camaronal;Guanacaste;Santa Cruz;Bolsón;48;Aguas de calidad mala, contaminadas;5;Contaminación incipiente;39;Aguas de calidad mala, contaminadas;4;Contaminación incipiente;74;Aguas de calidad regular, contaminación moderada;6;Contaminación incipiente;38;Aguas de calidad mala, contaminadas;12;Contaminación severa;MONITOREO ACTIVO
Tempisque;Diría;PN-TEM-09;III;2017;2018;UNA;1;2;2;325936;1135312;Santa Cruz;Guanacaste;Santa Cruz;Diriá;102;Aguas de calidad excelente, no contaminadas;3;Sin contaminación;67;Aguas de calidad regular, contaminación moderada;3;Sin contaminación;154;Aguas de calidad excelente, no contaminadas;5;Contaminación incipiente;95;Aguas de calidad regular, contaminación moderada;6;Contaminación incipiente;MONITOREO ACTIVO
Tempisque;Cañas;PN-TEM-10;III;2017;2018;UNA;4;4;4;328051;1144877;Río Cañas Viejo;Guanacaste;Santa Cruz;Diriá;68;Aguas de calidad regular, contaminación moderada;7;Contaminación moderada;44;Aguas de calidad mala, contaminadas;6;Contaminación incipiente;18;Aguas de calidad mala, muy contaminadas;7;Contaminación moderada;39;Aguas de calidad mala, contaminadas;10;Contaminación severa;MONITOREO ACTIVO
Tempisque;Cañas;PN-TEM-11;III;2017;2018;UNA;3;3;3;318168;1140501;Las Playas;Guanacaste;Santa Cruz;Diriá;52;Aguas de calidad mala, contaminadas;5;Contaminación incipiente;69;Aguas de calidad regular, contaminación moderada;5;Contaminación incipiente;56;Aguas de calidad mala, contaminadas;4;Contaminación incipiente;64;Aguas de calidad regular, contaminación moderada;8;Contaminación moderada;MONITOREO ACTIVO
Tortuguero;Río Tortuguero;C-TOR-01;II;2016;2017;UCR;2;1;2;520825;1130421;Colonia;Limón;Pococí;Guápiles;135;Aguas de calidad excelente, no contaminadas;4;Contaminación incipiente;134;Aguas de calidad excelente, no contaminadas;4;Contaminación incipiente;151;Aguas de calidad excelente, no contaminadas;4;Contaminación incipiente;142;Aguas de calidad excelente, no contaminadas;4;Contaminación incipiente;MONITOREO ACTIVO
Tortuguero;Río San Rafael;C-TOR-02;II;2016;2017;UCR;2;1;2;521256;1128764;San Rafael;Limón;Pococí;Guápiles;118;Aguas de calidad excelente, no contaminadas;5;Contaminación incipiente;138;Aguas de calidad excelente, no contaminadas;4;Contaminación incipiente;0;;0;;152;Aguas de calidad excelente, no contaminadas;4;Contaminación incipiente;MONITOREO ACTIVO
Tortuguero;Quebrada Bejuco;C-TOR-03;II;2016;2017;UCR;2;1;2;523998;1137806;Río Tortuguero, Quebrada Bejuco, Peligro;Limón;Pococí;Rita;166;Aguas de calidad excelente, no contaminadas;4;Contaminación incipiente;121;Aguas de calidad excelente, no contaminadas;4;Contaminación incipiente;165;Aguas de calidad excelente, no contaminadas;4;Contaminación incipiente;144;Aguas de calidad excelente, no contaminadas;4;Contaminación incipiente;MONITOREO ACTIVO
Tortuguero;Río Tortuguero;C-TOR-04;II;2016;2017;UCR;2;2;2;534432;1147242;"Bananera Cariari; Campo Cinco";Limón;Pococí;Cariari;89;Aguas de calidad regular, contaminación moderada;4;Contaminación incipiente;146;Aguas de calidad excelente, no contaminadas;4;Contaminación incipiente;100;Aguas de calidad regular, contaminación moderada;3;Sin contaminación;111;Aguas de calidad excelente, no contaminadas;4;Contaminación incipiente;SUSPENDIDO EL MONITOREO
Tortuguero;Río Tortuguero;C-TOR-05;II;2016;2017;UCR;2;1;2;536063;1149276;Las Vegas de Tortuguero;Limón;Pococí;Cariari;130;Aguas de calidad excelente, no contaminadas;4;Contaminación incipiente;122;Aguas de calidad excelente, no contaminadas;4;Contaminación incipiente;118;Aguas de calidad excelente, no contaminadas;4;Contaminación incipiente;121;Aguas de calidad excelente, no contaminadas;4;Contaminación incipiente;MONITOREO ACTIVO
Tusubres;Río Agujas;PC-TUS-01;I;2015;2016;TEC;2;2;2;430273;1074425;Playa Hermosa;Puntarenas;Garabito;Tárcoles;134;Aguas de calidad excelente, no contaminadas;3;Sin contaminación;79;Aguas de calidad regular, contaminación moderada;3;Sin contaminación;146;Aguas de calidad excelente, no contaminadas;3;Sin contaminación;74;Aguas de calidad regular, contaminación moderada;4;Contaminación incipiente;MONITOREO ACTIVO
Tusubres;Río Copey;PC-TUS-02;I;2015;2016;TEC;3;4;4;431757;1064259;Barrio El Copey;Puntarenas;Garabito;Jacó;81;Aguas de calidad regular, contaminación moderada;4;Contaminación incipiente;33;Aguas de calidad mala, muy contaminadas;7;Contaminación moderada;82;Aguas de calidad regular, contaminación moderada;4;Contaminación incipiente;102;Aguas de calidad excelente, no contaminadas;4;Contaminación incipiente;MONITOREO ACTIVO
Tusubres;Río Turrubaritos;PC-TUS-03;I;2015;2016;TEC;3;3;3;442810;1064763;Montelimar;Alajuela;Turrubares;Carara;108;Aguas de calidad excelente, no contaminadas;3;Sin contaminación;50;Aguas de calidad mala, contaminadas;7;Contaminación moderada;147;Aguas de calidad excelente, no contaminadas;4;Contaminación incipiente;140;Aguas de calidad excelente, no contaminadas;5;Contaminación incipiente;MONITOREO ACTIVO
Tusubres;Río Tulín;PC-TUS-04;I;2015;2016;TEC;2;2;2;446879;1064096;Bajo Vega;San José;Puriscal;Chires;100;Aguas de calidad regular, contaminación moderada;3;Sin contaminación;91;Aguas de calidad regular, contaminación moderada;3;Sin contaminación;142;Aguas de calidad excelente, no contaminadas;3;Sin contaminación;147;Aguas de calidad excelente, no contaminadas;4;Contaminación incipiente;SUSPENDIDO EL MONITOREO
Tusubres;Río Tulín;PC-TUS-05;I;2015;2016;TEC;2;2;2;442563;1058628;Fila San Julián;Puntarenas;Parrita;Parrita;68;Aguas de calidad regular, contaminación moderada;3;Sin contaminación;70;Aguas de calidad regular, contaminación moderada;3;Sin contaminación;82;Aguas de calidad regular, contaminación moderada;5;Contaminación incipiente;105;Aguas de calidad excelente, no contaminadas;4;Contaminación incipiente;MONITOREO ACTIVO
Tusubres;Río Tusubres;PC-TUS-06;I;2015;2016;TEC;3;2;3;441801;1058697;Tusubres;Puntarenas;Parrita;Parrita;81;Aguas de calidad regular, contaminación moderada;3;Sin contaminación;85;Aguas de calidad regular, contaminación moderada;8;Contaminación moderada;110;Aguas de calidad excelente, no contaminadas;4;Contaminación incipiente;100;Aguas de calidad regular, contaminación moderada;4;Contaminación incipiente;MONITOREO ACTIVO
Tusubres;Río Tulín;PC-TUS-07;I;2015;2016;TEC;2;1;2;454785;1059635;Guapinol;San José;Puriscal;Chires;121;Aguas de calidad excelente, no contaminadas;4;Contaminación incipiente;134;Aguas de calidad excelente, no contaminadas;3;Sin contaminación;153;Aguas de calidad excelente, no contaminadas;4;Contaminación incipiente;116;Aguas de calidad excelente, no contaminadas;4;Contaminación incipiente;SUSPENDIDO EL MONITOREO
Tusubres;Río Chires;PC-TUS-08;I;2015;2016;TEC;1;2;2;458078;1069926;Mastatal;San José;Puriscal;Chires;96;Aguas de calidad regular, contaminación moderada;3;Sin contaminación;102;Aguas de calidad excelente, no contaminadas;3;Sin contaminación;207;Aguas de calidad excelente, no contaminadas;3;Sin contaminación;168;Aguas de calidad excelente, no contaminadas;3;Sin contaminación;MONITOREO ACTIVO
